dataset,img_name,objectness_uncertainty,objectness_entropy,weighted_variance_sum,weighted_entropy
/Data4/student_zhihan_data/data/GC10-DET_Sharpen_20,img_08_425637800_00890_jpg.rf.4e3226a45f7bf69e58918d8952b79b6b.jpg,0.0081282165,0.0023908070251534306,0.10737766004422275
/Data4/student_zhihan_data/data/GC10-DET_Sharpen_20,img_03_424992500_00388_jpg.rf.ec28701153afa1dd22f46920ffb9297f.jpg,0.012125114,0.0029891016709212717,0.17601647081538144
/Data4/student_zhihan_data/data/GC10-DET_Sharpen_20,img_03_425503100_00066_jpg.rf.c80d682dcb624742ec4e67f3dfc73544.jpg,0.0044825864,9.96208964514673e-06,0.1285567617416382
/Data4/student_zhihan_data/data/GC10-DET_Sharpen_20,img_01_425008500_00677_jpg.rf.85e0f1a63299479dd07b5c5314f7beca.jpg,0.008313605,0.0009504413372434844,0.0995583444421108
/Data4/student_zhihan_data/data/GC10-DET_Sharpen_20,img_05_425608200_00814_jpg.rf.51da696c5976e986c5c492e99d2dd638.jpg,0.0036962589,0.005237331458739713,0.10292973670874353
/Data4/student_zhihan_data/data/GC10-DET_Sharpen_20,img_01_425005700_00442_jpg.rf.ef12f267a48c4fae4160ff0ff6c1cd07.jpg,0.010277048,0.0010646175698500724,0.09746733000704816
/Data4/student_zhihan_data/data/GC10-DET_Sharpen_20,img_02_3436789500_00005_jpg.rf.85f310f1107d6db92898a8766345b99e.jpg,0.0058644926,0.035707107460540205,0.2543751274545988
/Data4/student_zhihan_data/data/GC10-DET_Sharpen_20,img_03_4401440300_00347_jpg.rf.ff9406713a4ed5507b002d4ce5f72e52.jpg,0.00673669,0.0004022837659805292,0.1176146294673284
/Data4/student_zhihan_data/data/GC10-DET_Sharpen_20,img_06_425614600_00411_jpg.rf.0ca4276f5b7c9adc24a31de9d096a32b.jpg,0.0017529144,0.0014777639422033297,0.10394079548120498
/Data4/student_zhihan_data/data/GC10-DET_Sharpen_20,img_07_4404374100_01265_jpg.rf.7c0ea7dc6275568c84f63ffd923f5c66.jpg,0.006745393,0.0020411653224203163,0.11121368675882168
/Data4/student_zhihan_data/data/GC10-DET_Sharpen_20,img_08_425007500_01452_jpg.rf.a6354954b51ef244ccef3d9462ffe717.jpg,0.005926839,0.019315900389514393,0.2534067387550564
/Data4/student_zhihan_data/data/GC10-DET_Sharpen_20,img_01_425502900_00018_jpg.rf.993eb5cbb2f35e662145c2aa415d9879.jpg,0.005778071,0.0006303527442679086,0.09222911677994425
/Data4/student_zhihan_data/data/GC10-DET_Sharpen_20,img_08_425508200_00024_jpg.rf.e7b2ff05772bc1c560893f689919a53b.jpg,0.0049335435,0.0016592613510566798,0.1710115755969302
/Data4/student_zhihan_data/data/GC10-DET_Sharpen_20,img_08_4406743300_00468_jpg.rf.3298d91af6c8c83868684ff0feb87c36.jpg,0.01920924,0.0022468045575806173,0.11023290668350177
/Data4/student_zhihan_data/data/GC10-DET_Sharpen_20,img_07_4406645900_00730_jpg.rf.68f3b77d92761bf22a8e39c9837cbacd.jpg,0.009500531,0.0026655700014032125,0.10449472818319139
/Data4/student_zhihan_data/data/GC10-DET_Sharpen_20,img_03_4403715000_00003_jpg.rf.8fd599665109faa6025da5f5d7de01b0.jpg,0.002399372,0.007142665460560238,0.26598554601271945
/Data4/student_zhihan_data/data/GC10-DET_Sharpen_20,img_08_425391700_00089_jpg.rf.c8fe702a294d891b9cb8143305d79e74.jpg,0.008381562,0.0025434795877543686,0.11539308683768564
/Data4/student_zhihan_data/data/GC10-DET_Sharpen_20,img_02_3436813700_00788_jpg.rf.33ac3428ca0da097f8ec6f666d2caf28.jpg,0.007960831,0.039280367112017225,0.25411967097579435
/Data4/student_zhihan_data/data/GC10-DET_Sharpen_20,img_08_425391700_00198_jpg.rf.79baed4ea8e426615cf676e94acf6292.jpg,0.009270951,0.0022524270783977843,0.1067858381398342
/Data4/student_zhihan_data/data/GC10-DET_Sharpen_20,img_08_425637500_00653_jpg.rf.269078f5716d0f1c7eb7259f891ec266.jpg,0.009067343,0.0141569415730882,0.2547235588319894
/Data4/student_zhihan_data/data/GC10-DET_Sharpen_20,img_05_425505500_00053_jpg.rf.bcd8bcf9d6074b0fab4f2b095510420f.jpg,0.013732346,0.0008835608492616185,0.11155246832258088
/Data4/student_zhihan_data/data/GC10-DET_Sharpen_20,img_03_425391000_00491_jpg.rf.f28eeb3c2ee29652d34f681582fdf627.jpg,0.0008989708,0.0015120044734912347,0.10569251203536988
/Data4/student_zhihan_data/data/GC10-DET_Sharpen_20,img_06_3403398500_01173_jpg.rf.3de8052bffb9ec5bcee37699641630ec.jpg,0.0007982267,0.006315234216994473,0.10506558371441704
/Data4/student_zhihan_data/data/GC10-DET_Sharpen_20,img_07_4404893900_00568_jpg.rf.791dce27a30eb631f2acb54d52681b5c.jpg,0.013623859,0.016004137070740398,0.2374621902902921
/Data4/student_zhihan_data/data/GC10-DET_Sharpen_20,img_06_4406562900_00002_jpg.rf.bda7ab14f0be7131f2b4d3a02af2c1df.jpg,0.0062814723,0.002802467210822095,0.13524138085721504
/Data4/student_zhihan_data/data/GC10-DET_Sharpen_20,img_01_425005700_00406_jpg.rf.3d18020876f46e3b235c9c2b79c7c0a6.jpg,0.014169514,0.0017391372725506689,0.09231374809666285
/Data4/student_zhihan_data/data/GC10-DET_Sharpen_20,img_06_4406645900_00001_jpg.rf.fef25d6e5e72505390955126bb6c5844.jpg,0.0035643852,0.002048084446962341,0.10568738037347794
/Data4/student_zhihan_data/data/GC10-DET_Sharpen_20,img_03_424992300_00206_jpg.rf.db57f94ddc87cd8c8d31d86134bfe8b5.jpg,0.0031838887,0.0020242345147965775,0.12086318629980086
/Data4/student_zhihan_data/data/GC10-DET_Sharpen_20,img_03_SIS001540_00786_jpg.rf.9639d974e6cd04fcfbe0ca3a847c2c23.jpg,0.013175827,0.0008760852953855647,0.11361840258042016
/Data4/student_zhihan_data/data/GC10-DET_Sharpen_20,img_03_425644600_00006_jpg.rf.feb60eafb5ebdef584a26d874345da58.jpg,0.002800103,0.0010116073219107516,0.10784949034452439
/Data4/student_zhihan_data/data/GC10-DET_Sharpen_20,img_03_424992300_00514_jpg.rf.b1eee4d04fd6d8ce8f6ad7cac1a91c98.jpg,0.020202145,0.0002620167097675945,0.08990218490362167
/Data4/student_zhihan_data/data/GC10-DET_Sharpen_20,img_01_425008500_00104_jpg.rf.32e3c393304c5bd5dd58d6f5c54b11b2.jpg,0.0088650035,0.0035344761048842583,0.09395090115208465
/Data4/student_zhihan_data/data/GC10-DET_Sharpen_20,img_07_424714400_00009_jpg.rf.b093d048d4dd9a68725899c42f343812.jpg,0.005668615,0.001206766164562561,0.10721530124545098
/Data4/student_zhihan_data/data/GC10-DET_Sharpen_20,img_03_3403396800_01005_jpg.rf.089e7bcff1fe4ca0a5efcbb8ba1d31a3.jpg,0.0058980314,0.011138351523454144,0.24597586181176745
/Data4/student_zhihan_data/data/GC10-DET_Sharpen_20,img_01_425614600_00001_jpg.rf.d08146824f2f274a835da26023733959.jpg,0.0039195097,0.004946996680565974,0.10660963273300267
/Data4/student_zhihan_data/data/GC10-DET_Sharpen_20,img_02_436164300_01201_jpg.rf.85573a21edbf1fa649474a2d02b1f985.jpg,0.00699131,0.00039907492689821836,0.10738884202639262
/Data4/student_zhihan_data/data/GC10-DET_Sharpen_20,img_02_3436813700_00329_jpg.rf.6b0f3214e509051d3f663785b72f9977.jpg,0.0076901037,0.010302334853918182,0.23798741649097277
/Data4/student_zhihan_data/data/GC10-DET_Sharpen_20,img_03_436165200_00707_jpg.rf.c381097c20f217474d6a7055b68e42b5.jpg,0.004601828,0.0039818362490734675,0.10521960117987222
/Data4/student_zhihan_data/data/GC10-DET_Sharpen_20,img_06_436164700_01556_jpg.rf.f334be6da007856c550eea2733e6ddfb.jpg,0.008262183,0.0024530118596195628,0.10180976674291824
/Data4/student_zhihan_data/data/GC10-DET_Sharpen_20,img_07_4406645900_00618_jpg.rf.4728af3455c5277eb1fddbd3836acad8.jpg,0.012745281,0.013942364775882904,0.16223785306267466
/Data4/student_zhihan_data/data/GC10-DET_Sharpen_20,img_01_425243300_00542_jpg.rf.14bf99bd3ac913df040788581e0c88dc.jpg,0.007016901,0.006234475741448045,0.2692338204559158
/Data4/student_zhihan_data/data/GC10-DET_Sharpen_20,img_07_4406645900_00539_jpg.rf.5326b38415f2224b33d1177da2f08acc.jpg,0.010073862,0.0010029526197143923,0.1107069314919509
/Data4/student_zhihan_data/data/GC10-DET_Sharpen_20,img_06_3403391400_01266_jpg.rf.80af5beb629c06713ab61361167a5fb1.jpg,0.0020953007,0.0011529212519674203,0.10938198755184811
/Data4/student_zhihan_data/data/GC10-DET_Sharpen_20,img_05_4406645900_00121_jpg.rf.1436f27643598a147db9887106c187f6.jpg,0.02192611,0.0019458928497337465,0.10284782688933218
/Data4/student_zhihan_data/data/GC10-DET_Sharpen_20,img_06_4406645900_00492_jpg.rf.e7263b2fc93e67e0e539b5c351794ac4.jpg,0.006573885,0.03783177140148302,0.259684615369354
/Data4/student_zhihan_data/data/GC10-DET_Sharpen_20,img_08_425508200_00364_jpg.rf.b7359501e11684697ea0179ee2d73c6a.jpg,0.005353287,0.007447251805084913,0.261784941199092
/Data4/student_zhihan_data/data/GC10-DET_Sharpen_20,img_06_425505000_00050_jpg.rf.8dd309fffb6d54f06ca08a323ff8d674.jpg,0.0020815635,0.029749152906043356,0.2802950467884056
/Data4/student_zhihan_data/data/GC10-DET_Sharpen_20,img_03_436153300_01008_jpg.rf.f63e360cafbe1d3c24a7003bf62e611c.jpg,0.0060855285,8.159742157487744e-05,0.1016593635240336
/Data4/student_zhihan_data/data/GC10-DET_Sharpen_20,img_01_425241400_00039_jpg.rf.b8d9feafc1b8dd39b237b1fbe2f64c01.jpg,0.0063349274,0.0016797245617386314,0.10008373142152592
/Data4/student_zhihan_data/data/GC10-DET_Sharpen_20,img_08_425508200_00033_jpg.rf.5fce67dd739986f4e810a69a3dbdd898.jpg,0.005245464,0.0009111989903885843,0.1001333653538516
/Data4/student_zhihan_data/data/GC10-DET_Sharpen_20,img_08_425391700_00189_jpg.rf.1a13221d07f68c02a79b1ad4271531b6.jpg,0.006671082,0.0034268806915491723,0.10769730140103237
/Data4/student_zhihan_data/data/GC10-DET_Sharpen_20,img_04_4406645900_00543_jpg.rf.ed669612518b5fdf164ffecd32e9ee20.jpg,0.020004915,0.0017257615511173047,0.10685819059671539
/Data4/student_zhihan_data/data/GC10-DET_Sharpen_20,img_06_425614600_00421_jpg.rf.2515be4bc918194d52817f85a91b1d76.jpg,0.0056310883,0.002734699399567304,0.10123546172272074
/Data4/student_zhihan_data/data/GC10-DET_Sharpen_20,img_06_425502300_01407_jpg.rf.373e002d051b7dffab2253e6395233ff.jpg,0.0034677507,0.001862981916144149,0.10987745010190539
/Data4/student_zhihan_data/data/GC10-DET_Sharpen_20,img_04_425622400_00001_jpg.rf.1569615634dbd1da5eb39c062886d1b1.jpg,0.016297882,0.0010564604432465063,0.10850189981370326
/Data4/student_zhihan_data/data/GC10-DET_Sharpen_20,img_02_425503500_00017_jpg.rf.0e8d663c52ed2c69d593baf76af5b85a.jpg,0.007680924,0.0018111116670101466,0.10673429327897538
/Data4/student_zhihan_data/data/GC10-DET_Sharpen_20,img_02_425502300_00338_jpg.rf.e2b675b66d9467a731b1a879826eb4ab.jpg,0.013331414,0.0026777872342904634,0.10147071316838265
/Data4/student_zhihan_data/data/GC10-DET_Sharpen_20,img_07_4402719500_00001_jpg.rf.22f073984ae35b05d1552fc55e648838.jpg,0.00944075,0.006276697553997986,0.1058498880267143
/Data4/student_zhihan_data/data/GC10-DET_Sharpen_20,img_03_425613800_00026_jpg.rf.9431cf66cf71bdcc8d00f4aa1397fc09.jpg,0.02046226,0.0012971946020520085,0.1066840256395794
/Data4/student_zhihan_data/data/GC10-DET_Sharpen_20,img_08_425640100_00874_jpg.rf.60e0b0bf22233173d446c821485769f3.jpg,0.005120188,0.001305796587550266,0.10464324266061016
/Data4/student_zhihan_data/data/GC10-DET_Sharpen_20,img_01_425007600_00673_jpg.rf.9829fb414e6d963f8995480d2ab499b5.jpg,0.0050574564,0.0043385468230625005,0.24755362303326123
/Data4/student_zhihan_data/data/GC10-DET_Sharpen_20,img_01_425006600_00376_jpg.rf.72cd03df7d5dbe716a362ba631a7be7a.jpg,0.00807202,0.0013601975035933058,0.10072778343670555
/Data4/student_zhihan_data/data/GC10-DET_Sharpen_20,img_01_425005700_00377_jpg.rf.ad0227dd72c803e70f00c59f54aedf0a.jpg,0.011689029,0.0007365431359046072,0.10556063665029329
/Data4/student_zhihan_data/data/GC10-DET_Sharpen_20,img_03_4404580600_00513_jpg.rf.13a229dfa7704d8aca630e341f2eee89.jpg,0.008335578,0.004959379551912528,0.2753820551129488
/Data4/student_zhihan_data/data/GC10-DET_Sharpen_20,img_06_3436814000_00009_jpg.rf.def8ad57e2e2e27a4cc7872751aa9b60.jpg,0.003140198,0.0035653417013432115,0.13658803186068932
/Data4/student_zhihan_data/data/GC10-DET_Sharpen_20,img_03_SIS001540_00771_jpg.rf.c05779ebea02d856e4cd5a0abb7c888d.jpg,0.0040303054,0.002263046570498353,0.14641544193029404
/Data4/student_zhihan_data/data/GC10-DET_Sharpen_20,img_02_425392300_00834_jpg.rf.0b128393fbd7d86c43aac9827542b5a8.jpg,0.007105193,0.004646381209840911,0.10761382002489907
/Data4/student_zhihan_data/data/GC10-DET_Sharpen_20,img_03_425622700_00002_jpg.rf.32ac3443018ededf38865b2563278ed9.jpg,0.013153304,0.0008029823233831241,0.10450279278059801
/Data4/student_zhihan_data/data/GC10-DET_Sharpen_20,img_06_425502300_01397_jpg.rf.a60eabd84ddcc5a78530397551fb1962.jpg,0.005650151,0.0474492422221374,0.26170342557487036
/Data4/student_zhihan_data/data/GC10-DET_Sharpen_20,img_04_425380400_00732_jpg.rf.2724305c2310ce939118e9722a75a6a9.jpg,0.00215696,0.015603485671530696,0.24174709554229462
/Data4/student_zhihan_data/data/GC10-DET_Sharpen_20,img_08_425639900_00613_jpg.rf.447c5c60c1227cd51220d96abf9cf5dc.jpg,0.007467723,0.0013967583145398856,0.09861797431835213
/Data4/student_zhihan_data/data/GC10-DET_Sharpen_20,img_03_425391800_00255_jpg.rf.97a06641064fcb5c4dfd11719bd13b31.jpg,0.0041684546,0.0,0.10187962293624878
/Data4/student_zhihan_data/data/GC10-DET_Sharpen_20,img_07_4406645900_00559_jpg.rf.03067aded65780c0d73f5e141c82a6d5.jpg,0.007878666,0.02310275599325078,0.18025682789308056
/Data4/student_zhihan_data/data/GC10-DET_Sharpen_20,img_04_425501800_00017_jpg.rf.812d82b38c0ed09113d87b40c7a5f262.jpg,0.0054949285,0.002318556196838575,0.10335220827003085
/Data4/student_zhihan_data/data/GC10-DET_Sharpen_20,img_07_435974600_00213_jpg.rf.0a01558b2ae421b20d1e9dc2d2a9ec13.jpg,0.0077717244,0.013531960405089194,0.23688348320623237
/Data4/student_zhihan_data/data/GC10-DET_Sharpen_20,img_01_425005700_00490_jpg.rf.427c92061ff932c557f54e00eba8331c.jpg,0.014713069,0.0010183283522031202,0.10036561606185776
/Data4/student_zhihan_data/data/GC10-DET_Sharpen_20,img_01_425008000_00037_jpg.rf.19c58306deeb9c7995251dd4a6fad689.jpg,0.014073813,0.0008212515428223579,0.09544663829977662
/Data4/student_zhihan_data/data/GC10-DET_Sharpen_20,img_06_4406743300_00094_jpg.rf.4de6f9fd4829253babeab689f1c2cd87.jpg,0.0132604465,0.0011756100571861544,0.10340577930212021
/Data4/student_zhihan_data/data/GC10-DET_Sharpen_20,img_03_425390700_00020_jpg.rf.f94b71ea26f422f480424cb40c4a4c22.jpg,0.0085469475,0.0,0.15176989324390888
/Data4/student_zhihan_data/data/GC10-DET_Sharpen_20,img_07_3436814000_00009_jpg.rf.3792cfc19eff0bddbb07888c1d7c4003.jpg,0.009296294,0.032956714944951025,0.29621621788967223
/Data4/student_zhihan_data/data/GC10-DET_Sharpen_20,img_06_425502300_01402_jpg.rf.89482ff308039ff5c49e702b1dee3065.jpg,0.008759586,0.0028577058183145714,0.0983512524018685
/Data4/student_zhihan_data/data/GC10-DET_Sharpen_20,img_04_4402831800_01217_jpg.rf.3885a1149dce7ce8db0314a6cd9dc83d.jpg,0.0063416474,0.0004440675733350816,0.09755466133972134
/Data4/student_zhihan_data/data/GC10-DET_Sharpen_20,img_03_425501800_01220_jpg.rf.113f0d789ceb8e5b634869258e492361.jpg,0.005007502,0.0035280552080345327,0.1041311269402504
/Data4/student_zhihan_data/data/GC10-DET_Sharpen_20,img_01_425383400_01036_jpg.rf.cf5334663cc46ce2c0d79d4dc8621f07.jpg,0.0063623725,0.002517461601934899,0.09797492212683212
/Data4/student_zhihan_data/data/GC10-DET_Sharpen_20,img_01_425008000_00002_jpg.rf.cf4a202b39d361e12b0956129f08c2c7.jpg,0.0077425726,0.0014462973374808523,0.12714531428779643
/Data4/student_zhihan_data/data/GC10-DET_Sharpen_20,img_02_3436788500_00879_jpg.rf.d82d1a030f2f2645b5fa35b6bb4f9b84.jpg,0.0059072003,0.0008273277171201289,0.09792709575995565
/Data4/student_zhihan_data/data/GC10-DET_Sharpen_20,img_07_4406645900_00850_jpg.rf.83dfa6cef754c57bafb93c18990008a1.jpg,0.0010950835,0.029948314003073996,0.30137563962489367
/Data4/student_zhihan_data/data/GC10-DET_Sharpen_20,img_02_425507200_01513_jpg.rf.2f96a24a72e35071d0aa3f756150b84c.jpg,0.008287375,0.0030758115577588733,0.10137811291785466
/Data4/student_zhihan_data/data/GC10-DET_Sharpen_20,img_06_425237000_00670_jpg.rf.dda82ee1b4bf2438519eb8bc5c19c7ac.jpg,0.0044296784,0.0013738105305862887,0.0995933243698544
/Data4/student_zhihan_data/data/GC10-DET_Sharpen_20,img_08_425382400_00001_jpg.rf.1e40bf6e954bf658573f06a23293faed.jpg,0.0051859566,0.002314713689758299,0.10434331968692025
/Data4/student_zhihan_data/data/GC10-DET_Sharpen_20,img_02_3436813700_00335_jpg.rf.a7bc0aa20aa1d0ecb40a94bec8d799f1.jpg,0.0038499655,0.003568866373825585,0.10590954005718232
/Data4/student_zhihan_data/data/GC10-DET_Sharpen_20,img_04_436165600_00004_jpg.rf.fc44fddcc1d6d22c1c7f5f445ab038d8.jpg,0.004515364,0.023411673988448452,0.24958649369341038
/Data4/student_zhihan_data/data/GC10-DET_Sharpen_20,img_04_425637500_00653_jpg.rf.36196537eded48062974df2ad0f82dff.jpg,0.004012567,0.0031177975185894494,0.1039502429475163
/Data4/student_zhihan_data/data/GC10-DET_Sharpen_20,img_03_4402724500_01245_jpg.rf.f8462455a8fc8a32606dcdf2c415a0df.jpg,0.004804638,0.0015642691228094918,0.25133574257294333
/Data4/student_zhihan_data/data/GC10-DET_Sharpen_20,img_08_4402842500_01044_jpg.rf.0559520a625f7cbc8e8b1ca1d8cdd585.jpg,0.014414203,0.0026863875164778546,0.09716283926242701
/Data4/student_zhihan_data/data/GC10-DET_Sharpen_20,img_03_425613500_00001_jpg.rf.23fe4ca91985d975edc64398a61d1d44.jpg,0.0071929567,0.001056485214671978,0.10166054646174112
/Data4/student_zhihan_data/data/GC10-DET_Sharpen_20,img_02_4406772100_00243_jpg.rf.047681178919abd84bd1f26a71cfd387.jpg,0.014406553,0.02427276215960526,0.24668995551764963
/Data4/student_zhihan_data/data/GC10-DET_Sharpen_20,img_07_4406645900_00740_jpg.rf.3613bbd33e41972500a658f63397f575.jpg,0.0110546285,0.0016094112297280194,0.08646667879107663
/Data4/student_zhihan_data/data/GC10-DET_Sharpen_20,img_06_3403333800_00715_jpg.rf.9fb79c365a632d00f8a9f2e8442920e3.jpg,0.0063202437,0.03688385136072235,0.251967181396835
/Data4/student_zhihan_data/data/GC10-DET_Sharpen_20,img_08_4403744200_01175_jpg.rf.0e6bf1d95865a297c900faf9bdf3dd25.jpg,0.012215774,0.01198417365068927,0.28313644001552857
/Data4/student_zhihan_data/data/GC10-DET_Sharpen_20,img_08_425508200_00359_jpg.rf.18297ae2807fcb5b2903ab09fd509949.jpg,0.004486549,0.0008272569174426858,0.09931476544122042
/Data4/student_zhihan_data/data/GC10-DET_Sharpen_20,img_07_4405168700_00711_jpg.rf.44485f2119830d890be4178ead6eb577.jpg,0.009651676,0.0009071218001692959,0.10407819744613436
/Data4/student_zhihan_data/data/GC10-DET_Sharpen_20,img_01_425609500_00001_jpg.rf.c139c9b2bbdc6c75c237db5429e5600f.jpg,0.0035094793,0.0004970178253867917,0.13210131316563162
/Data4/student_zhihan_data/data/GC10-DET_Sharpen_20,img_08_3403334300_00853_jpg.rf.2b73635a7c025e596fbcaed164bc844b.jpg,0.007448593,0.0026319707560149646,0.10516498133803939
/Data4/student_zhihan_data/data/GC10-DET_Sharpen_20,img_01_4406743300_00475_jpg.rf.cbb17b1613752d938c0b919880db6c74.jpg,0.010283079,0.001054083750915906,0.09722016608307892
/Data4/student_zhihan_data/data/GC10-DET_Sharpen_20,img_02_3436813700_00321_jpg.rf.a2aa41eb9c661d396034776837f8af21.jpg,0.010423949,0.008968232595351951,0.17041788342190378
/Data4/student_zhihan_data/data/GC10-DET_Sharpen_20,img_05_4406743300_00507_jpg.rf.edd6ef5091389130dea46c1bbcedacfa.jpg,0.00889578,0.0016658950743931203,0.09604704167843763
/Data4/student_zhihan_data/data/GC10-DET_Sharpen_20,img_02_3402616900_00001_jpg.rf.8a88102c40f5ec42f76d0cee1e2fae7d.jpg,0.00392087,0.0008696590051234429,0.09466154255867006
/Data4/student_zhihan_data/data/GC10-DET_Sharpen_20,img_07_435974600_00220_jpg.rf.300a6f692db45696d09a026b40f4070e.jpg,0.0029026906,0.0014666949427919462,0.12013046721617382
/Data4/student_zhihan_data/data/GC10-DET_Sharpen_20,img_01_425005700_00201_jpg.rf.d09b4219e5333345ca9d5415045133fc.jpg,0.008149898,0.001301305196420799,0.09876574943888755
/Data4/student_zhihan_data/data/GC10-DET_Sharpen_20,img_07_3436814000_00011_jpg.rf.fa7a9baa1c7b041f0189ed06fe7c138b.jpg,0.007235825,0.0012969242800560702,0.10087958544492721
/Data4/student_zhihan_data/data/GC10-DET_Sharpen_20,img_06_3403404000_00928_jpg.rf.df8508e1bd685000c95a0a08c66c0b97.jpg,0.0153252445,0.0010136442632627854,0.09778649412876084
/Data4/student_zhihan_data/data/GC10-DET_Sharpen_20,img_05_425614700_00001_jpg.rf.db79a5131c5eed770ca9226f083b3b08.jpg,0.016998535,0.008480233304394262,0.2654147002212512
/Data4/student_zhihan_data/data/GC10-DET_Sharpen_20,img_02_3402618000_00002_jpg.rf.d6609cfde33420b8cf3f5857f50d8e2c.jpg,0.006758885,0.0019007420110881412,0.11149836587927715
/Data4/student_zhihan_data/data/GC10-DET_Sharpen_20,img_02_425243200_00533_jpg.rf.c14db537449ebf25be4de62e902cd617.jpg,0.01151106,0.0015975752059711856,0.09557172245449491
/Data4/student_zhihan_data/data/GC10-DET_Sharpen_20,img_02_4402623300_00034_jpg.rf.34551b07ffc059cb3bc752ee6cbed63b.jpg,0.008796137,0.0004003632650262891,0.10962680300076802
/Data4/student_zhihan_data/data/GC10-DET_Sharpen_20,img_02_425508600_00684_jpg.rf.6efdd89c6075379e75f1f9f8445896b4.jpg,0.008286349,0.001110167594910868,0.10199744661649068
/Data4/student_zhihan_data/data/GC10-DET_Sharpen_20,img_03_424714400_00001_jpg.rf.8953ff6428eff377894ae67df57336bf.jpg,0.0023955982,0.00015462894321440843,0.11153056958859617
/Data4/student_zhihan_data/data/GC10-DET_Sharpen_20,img_02_436184600_00774_jpg.rf.d27e16845de256caa0a62c89b290d922.jpg,0.002517361,0.015923842950052437,0.2597757108095619
/Data4/student_zhihan_data/data/GC10-DET_Sharpen_20,img_08_425503600_00053_jpg.rf.4e0005d89ff1d2fa788311d13a51abb9.jpg,0.005392397,0.0033056678541446985,0.10328196501495344
/Data4/student_zhihan_data/data/GC10-DET_Sharpen_20,img_06_4406743300_00052_jpg.rf.4c3b6c954c4d0ccf25f4d188cbbfc0a9.jpg,0.016530419,0.0007205758465797122,0.10672701386610667
/Data4/student_zhihan_data/data/GC10-DET_Sharpen_20,img_03_3402617700_00653_jpg.rf.1ef43702aa0df6d62596b17eda5e42c7.jpg,0.0067835567,0.01933830765311281,0.17262491607476793
/Data4/student_zhihan_data/data/GC10-DET_Sharpen_20,img_03_3402617800_00047_jpg.rf.0c90a1386795442822afbd2cb6a841ce.jpg,0.012930724,0.0012080213807824489,0.09766234760483107
/Data4/student_zhihan_data/data/GC10-DET_Sharpen_20,img_02_436153600_00681_jpg.rf.09d712baef2da3a60301a30633d4af09.jpg,0.006194941,0.03193062073322445,0.25502103853684205
/Data4/student_zhihan_data/data/GC10-DET_Sharpen_20,img_01_425005700_00555_jpg.rf.e1a20fb84e9af76157c2685f2d822bfe.jpg,0.0076666563,0.00846529671032967,0.2521732137316749
/Data4/student_zhihan_data/data/GC10-DET_Sharpen_20,img_03_424992500_00525_jpg.rf.fb66d73109444570f4689d23c788fefa.jpg,0.006106709,0.008747732153366883,0.2555762349204584
/Data4/student_zhihan_data/data/GC10-DET_Sharpen_20,img_01_425392100_00662_jpg.rf.d0c1dddee827171d5750f200f08e5974.jpg,0.0049406164,0.0015462002698380976,0.11716108818848929
/Data4/student_zhihan_data/data/GC10-DET_Sharpen_20,img_02_4406645900_00894_jpg.rf.02587c13be3bc67641ff87d1eb5064fa.jpg,0.010591625,0.0024786737551494298,0.10588245845976331
/Data4/student_zhihan_data/data/GC10-DET_Sharpen_20,img_04_4406645900_00678_jpg.rf.eab2402da33d0122e4f3fee31afe6758.jpg,0.018138984,0.0046229475610513725,0.2716077485597217
/Data4/student_zhihan_data/data/GC10-DET_Sharpen_20,img_03_SIS001533_00036_jpg.rf.5058fdd17f4e2cf7c4ab8e5eafa02603.jpg,0.01246056,0.0030200221401727226,0.10302031026946175
/Data4/student_zhihan_data/data/GC10-DET_Sharpen_20,img_03_425644200_00680_jpg.rf.54c4d1780f76c69d459aaf11e72b6650.jpg,0.009233223,0.0058864236056133615,0.1805047552257129
/Data4/student_zhihan_data/data/GC10-DET_Sharpen_20,img_08_425503800_00052_jpg.rf.f3dd6fbb17863c108c3447422f572507.jpg,0.00784904,0.0025110776964218434,0.0984790087271957
/Data4/student_zhihan_data/data/GC10-DET_Sharpen_20,img_07_425100400_00088_jpg.rf.89157cf4860bf5924950996b646f1cba.jpg,0.00147834,0.004180324228943186,0.2505590036688816
/Data4/student_zhihan_data/data/GC10-DET_Sharpen_20,img_07_425390900_00111_jpg.rf.a675c597d559b8d66ab4abce3c4e5277.jpg,0.0026589392,0.02157455362761632,0.26309624628016826
/Data4/student_zhihan_data/data/GC10-DET_Sharpen_20,img_02_436152900_00547_jpg.rf.4318185adf6ae9ebf38c5e2787cfe3e9.jpg,0.0064800065,0.0010573828530798185,0.10915287906782967
/Data4/student_zhihan_data/data/GC10-DET_Sharpen_20,img_07_3436814000_00007_jpg.rf.86db99613a244e14390a572474d89841.jpg,0.0025978005,0.0021755263264228984,0.11122240798349506
/Data4/student_zhihan_data/data/GC10-DET_Sharpen_20,img_08_4402842500_01043_jpg.rf.69416faaef5d57c368649059aab2fce5.jpg,0.017003719,0.006881980041165558,0.2861257769885508
/Data4/student_zhihan_data/data/GC10-DET_Sharpen_20,img_03_425505000_00018_jpg.rf.583902c8b3cd56b263fc585c7193c1a5.jpg,0.005557703,0.00035980861447975916,0.10113793672962305
/Data4/student_zhihan_data/data/GC10-DET_Sharpen_20,img_02_3436813700_00307_jpg.rf.c085fb0f135c1174012545973d20af4f.jpg,0.00633204,0.0017262927715974668,0.10665576513760397
/Data4/student_zhihan_data/data/GC10-DET_Sharpen_20,img_07_425508700_00363_jpg.rf.721347e3b79f519725ee5289bbf97edc.jpg,0.00079377566,0.000802811262506761,0.11001841318607329
/Data4/student_zhihan_data/data/GC10-DET_Sharpen_20,img_03_424992500_00674_jpg.rf.807c0c6e51ea5e5652b1e35d60435eca.jpg,0.005161709,0.000672110817569254,0.10596287876367569
/Data4/student_zhihan_data/data/GC10-DET_Sharpen_20,img_08_425502200_00054_jpg.rf.2d48915a28535457ee003a4ce62eafef.jpg,0.0047956356,0.0029407769647302002,0.09689909592138536
/Data4/student_zhihan_data/data/GC10-DET_Sharpen_20,img_01_425005700_00453_jpg.rf.9761dca07cdf96d3fbd0f7d0d4aad403.jpg,0.005655476,0.0016872534772758357,0.10478078866004945
/Data4/student_zhihan_data/data/GC10-DET_Sharpen_20,img_06_4406743300_00041_jpg.rf.85756c07963f7f34a4480e677c22dfc6.jpg,0.008908335,0.00899775937300133,0.23873231426945757
/Data4/student_zhihan_data/data/GC10-DET_Sharpen_20,img_02_436153600_00692_jpg.rf.fed8577bb99a3f296c643ebeec56ae60.jpg,0.011911821,0.001338933739746678,0.10551147095078514
/Data4/student_zhihan_data/data/GC10-DET_Sharpen_20,img_01_425005700_00327_jpg.rf.a264bc3855c5d4fd318926bb51c19dab.jpg,0.013412495,0.003312611414003186,0.24084988578913674
/Data4/student_zhihan_data/data/GC10-DET_Sharpen_20,img_07_4406645900_00566_jpg.rf.55077a65cd5b330d408134556d4aeefa.jpg,0.011188599,0.002946066673965626,0.1114806287696487
/Data4/student_zhihan_data/data/GC10-DET_Sharpen_20,img_06_4404374100_01350_jpg.rf.9e1d1e5513003caa4ff960ea2dd68212.jpg,0.01344597,0.03400994344810978,0.26003102915516746
/Data4/student_zhihan_data/data/GC10-DET_Sharpen_20,img_08_4406743300_00461_jpg.rf.519f67b1b46527e288ec71230a5945c7.jpg,0.0148737915,0.003989297882517163,0.2626378672570259
/Data4/student_zhihan_data/data/GC10-DET_Sharpen_20,img_04_425503200_00019_jpg.rf.9e775acc68e9543232b7c84238746d12.jpg,0.007230915,0.0018120499216618352,0.09978137151220837
/Data4/student_zhihan_data/data/GC10-DET_Sharpen_20,img_01_4406743300_00649_jpg.rf.fd9794d7a0f1d9da22526814fd9ec601.jpg,0.007903202,0.0015696413499039475,0.09298163841843053
/Data4/student_zhihan_data/data/GC10-DET_Sharpen_20,img_08_4406743300_00429_jpg.rf.79f4cdd985d80134e8e6d20adae3d381.jpg,0.017661506,0.0013200424036767797,0.09865733840753745
/Data4/student_zhihan_data/data/GC10-DET_Sharpen_20,img_07_4406645900_00716_jpg.rf.7f47eb4f0e3ce39dc9fd725330e8acca.jpg,0.002246294,0.020256488207280654,0.3036570946375529
/Data4/student_zhihan_data/data/GC10-DET_Sharpen_20,img_01_425005700_00195_jpg.rf.71eaa3e9f72b11d1668e17c446006f14.jpg,0.008655351,0.0005495177685485753,0.10206413861310289
/Data4/student_zhihan_data/data/GC10-DET_Sharpen_20,img_02_436153600_00705_jpg.rf.52769831dfcaaed7484e9344e1ec0970.jpg,0.005505261,0.00030387598558588385,0.1014867667357127
/Data4/student_zhihan_data/data/GC10-DET_Sharpen_20,img_05_4406743300_00390_jpg.rf.80880d28e5931b1b1d3fbd91789b94cc.jpg,0.005999412,0.0011073404067155508,0.1037331845157749
/Data4/student_zhihan_data/data/GC10-DET_Sharpen_20,img_03_4404580600_00527_jpg.rf.e9c24823c24000c3df5c8d4468fa3960.jpg,0.009126998,0.003316809798759225,0.2539196346369054
/Data4/student_zhihan_data/data/GC10-DET_Sharpen_20,img_01_4406772100_00602_jpg.rf.9329d875c75b7070bc94d989dcae3974.jpg,0.017799325,0.0020131334225451983,0.1056813004547143
/Data4/student_zhihan_data/data/GC10-DET_Sharpen_20,img_03_436068600_00001_jpg.rf.a3b5b92538661601e3580b1f63fa1fe1.jpg,0.005798122,0.0012594685269734557,0.10686006450357555
/Data4/student_zhihan_data/data/GC10-DET_Sharpen_20,img_05_425502600_00052_jpg.rf.00ba4b822f14ebfe9e6f527a5ffdd5f0.jpg,0.0109568965,0.0035050478671076204,0.12293957066384206
/Data4/student_zhihan_data/data/GC10-DET_Sharpen_20,img_07_4406772100_00002_jpg.rf.4e06f23bdedbd8c1d534369a0c9df5a6.jpg,0.0016920319,0.00021181860318517697,0.10602228097843401
/Data4/student_zhihan_data/data/GC10-DET_Sharpen_20,img_06_424826800_00500_jpg.rf.cc124ebbea3b417653cb7885511d7203.jpg,0.010084217,0.025539562891416217,0.255408198361031
/Data4/student_zhihan_data/data/GC10-DET_Sharpen_20,img_01_425005700_00233_jpg.rf.3028f7e6a4200c828bb92303f2afc8d3.jpg,0.009485571,0.001443655968369757,0.09841823761754073
/Data4/student_zhihan_data/data/GC10-DET_Sharpen_20,img_02_425637500_00001_jpg.rf.a94f8edf26e75a939fabc6cb7ab7f575.jpg,0.0013763335,0.0014892875220212797,0.11666254256016169
/Data4/student_zhihan_data/data/GC10-DET_Sharpen_20,img_02_4402851700_00985_jpg.rf.8418903284e9af64cac7d57f946b6634.jpg,0.0015306073,0.011815690131925294,0.2675914460827845
/Data4/student_zhihan_data/data/GC10-DET_Sharpen_20,img_04_425380900_00001_jpg.rf.e624c9bac4c52c864eca86fe216b173d.jpg,0.0028773586,0.001201026109500795,0.10231431074937185
/Data4/student_zhihan_data/data/GC10-DET_Sharpen_20,img_06_4403068300_01280_jpg.rf.26c56d2e141d14b605fd845aa1ede116.jpg,0.0061424104,0.0025289992489449507,0.09137049146751844
/Data4/student_zhihan_data/data/GC10-DET_Sharpen_20,img_03_425507000_00876_jpg.rf.1ec5ad8bef3b7b86ac397b29f231e8ee.jpg,0.013487962,0.0020881404689248482,0.09325836322704951
/Data4/student_zhihan_data/data/GC10-DET_Sharpen_20,img_02_436153600_00695_jpg.rf.f3a708ae4faba81a2370b3a4be5f4991.jpg,0.005740563,0.0028633299183583763,0.2694698341245599
/Data4/student_zhihan_data/data/GC10-DET_Sharpen_20,img_03_436152900_00530_jpg.rf.dd2cff87617073ed89d29299cd2e6192.jpg,0.005453908,0.0010791216536349764,0.11082009260427386
/Data4/student_zhihan_data/data/GC10-DET_Sharpen_20,img_01_425005700_00322_jpg.rf.5a100c10975739348aff46fa89c0fa58.jpg,0.006362797,0.0009637792877157381,0.10208630101448232
/Data4/student_zhihan_data/data/GC10-DET_Sharpen_20,img_04_424798500_00304_jpg.rf.a4437d6b6c88c8b19e177f2baec8e571.jpg,0.010177668,0.0005850701829689901,0.12465102468294013
/Data4/student_zhihan_data/data/GC10-DET_Sharpen_20,img_06_425506600_00054_jpg.rf.882e28136579e3820b5e6cce3975eb97.jpg,0.0015167852,0.0005089504462486489,0.10371937283154192
/Data4/student_zhihan_data/data/GC10-DET_Sharpen_20,img_01_425243200_00439_jpg.rf.1b03e41158a8d2c2e23f79746a1af7d2.jpg,0.012973772,0.000820038858661547,0.09488236935984375
/Data4/student_zhihan_data/data/GC10-DET_Sharpen_20,img_01_425005700_00404_jpg.rf.9aa3580f1c53b68437404757dc3fe924.jpg,0.014309073,0.0016751299558109166,0.08728060594626835
/Data4/student_zhihan_data/data/GC10-DET_Sharpen_20,img_02_SIS001522_00036_jpg.rf.cb241c23de2ee2064c3ab1c6d3b91980.jpg,0.019558232,0.0016943852777593802,0.1006567954673217
/Data4/student_zhihan_data/data/GC10-DET_Sharpen_20,img_04_425005700_00169_jpg.rf.cc0f7d81b27bb502bab35f0a186657ec.jpg,0.002175217,0.0018428721494135262,0.10643176505963008
/Data4/student_zhihan_data/data/GC10-DET_Sharpen_20,img_06_425508300_00054_jpg.rf.a675ec555ddc3670bf308f8bf9a7f839.jpg,0.004102729,0.00615067311617128,0.11106786386171975
/Data4/student_zhihan_data/data/GC10-DET_Sharpen_20,img_04_3402617700_00395_jpg.rf.6eb1174b43b6942a90d55f23805ceae1.jpg,0.011304937,0.0010235402809005084,0.12505998205181146
/Data4/student_zhihan_data/data/GC10-DET_Sharpen_20,img_06_3403334000_00839_jpg.rf.38782d71a638688663f2382ff70757a0.jpg,0.0061579472,0.008053866344170046,0.106310457272844
/Data4/student_zhihan_data/data/GC10-DET_Sharpen_20,img_03_3402617100_00131_jpg.rf.e0698f0de79c1c5bba28f70a23cd19a8.jpg,0.00292239,0.0006357854047867779,0.10754074533780417
/Data4/student_zhihan_data/data/GC10-DET_Sharpen_20,img_02_436153300_00001_jpg.rf.cd5f7565e580e531ba325885ac446e30.jpg,0.0016683888,0.007686266432459808,0.26164911194807955
/Data4/student_zhihan_data/data/GC10-DET_Sharpen_20,img_07_425508400_00969_jpg.rf.b8e08f003a6e87d19b163e4146ce6478.jpg,0.004777839,0.0011937546251352788,0.10001615760723748
/Data4/student_zhihan_data/data/GC10-DET_Sharpen_20,img_07_3403335500_00710_jpg.rf.2e7d8f85ef390175e623aff6656205ef.jpg,0.007572627,0.01694098558983266,0.26081866951020394
/Data4/student_zhihan_data/data/GC10-DET_Sharpen_20,img_01_425006100_00947_jpg.rf.7203fdcbf41aba96ec8600d1440d31a9.jpg,0.0037869578,0.011164809577975474,0.25667557790875434
/Data4/student_zhihan_data/data/GC10-DET_Sharpen_20,img_08_425391700_00185_jpg.rf.83fc59d1d943bc89719e85cb4841e56b.jpg,0.007648965,0.0032401434258234425,0.10490099936894522
/Data4/student_zhihan_data/data/GC10-DET_Sharpen_20,img_05_436068100_00002_jpg.rf.562478a84c103a9ab393a21c61cf41eb.jpg,0.010093317,0.001344029689950599,0.11816358350927296
/Data4/student_zhihan_data/data/GC10-DET_Sharpen_20,img_01_425000300_00630_jpg.rf.12001adc8b86faf88a47b6aa6f321b91.jpg,0.0031106726,0.0011311163918169148,0.12034771061554725
/Data4/student_zhihan_data/data/GC10-DET_Sharpen_20,img_01_425243600_00631_jpg.rf.0d54909f697052f6d9d32d59ef41d44f.jpg,0.0065522916,0.002004280456581207,0.09367227972547214
/Data4/student_zhihan_data/data/GC10-DET_Sharpen_20,img_08_425504800_00052_jpg.rf.d9a7dabae93b5b199eb1d3094bce8a42.jpg,0.0061938795,0.0015061572393813213,0.1702201119868032
/Data4/student_zhihan_data/data/GC10-DET_Sharpen_20,img_07_4402719100_00026_jpg.rf.774e9d21bf440af9baf3192318c10e19.jpg,0.00618553,0.002845478410472424,0.104616294848648
/Data4/student_zhihan_data/data/GC10-DET_Sharpen_20,img_03_3403394800_00844_jpg.rf.5c0c88c583f2670f94baae5fb5881adf.jpg,0.0009444887,0.0007850281008359161,0.10992673695087433
/Data4/student_zhihan_data/data/GC10-DET_Sharpen_20,img_01_425005700_00207_jpg.rf.e431c17c450a5d3990f740aebc9c9cd7.jpg,0.009828546,0.00109254582750165,0.09758531251895257
/Data4/student_zhihan_data/data/GC10-DET_Sharpen_20,img_01_425005700_00197_jpg.rf.88277838f2a5680138fe9a9bbe00d2a9.jpg,0.010405962,0.016632655700650114,0.2546558104610691
/Data4/student_zhihan_data/data/GC10-DET_Sharpen_20,img_02_SIS001491_00257_jpg.rf.2682c53f3b15845e0a16cff779d087f4.jpg,0.012060648,0.014115118311813354,0.25316484348981505
/Data4/student_zhihan_data/data/GC10-DET_Sharpen_20,img_04_425382600_00050_jpg.rf.bc5baa170778230432b612b07f474070.jpg,0.0034771448,0.0010470661128727863,0.0999796033071147
/Data4/student_zhihan_data/data/GC10-DET_Sharpen_20,img_01_425501900_00017_jpg.rf.3aa4f32c0457ccdf62e25fee41f97c17.jpg,0.007263449,0.0015584628900702196,0.10230770731723071
/Data4/student_zhihan_data/data/GC10-DET_Sharpen_20,img_07_3403335000_01066_jpg.rf.286c53f7b6be336c065bd9578b9b963c.jpg,0.010804157,0.0017633366235294545,0.11919051227399281
/Data4/student_zhihan_data/data/GC10-DET_Sharpen_20,img_02_424799300_00072_jpg.rf.7e6e34894080536d4be7bf6914c91a1b.jpg,0.012020068,0.0024255601445020147,0.09075041756033897
/Data4/student_zhihan_data/data/GC10-DET_Sharpen_20,img_01_425008500_00874_jpg.rf.9ee7dec3f71c320546f8a4f1cbc6f631.jpg,0.0042018336,0.014293208715893645,0.24914659780469545
/Data4/student_zhihan_data/data/GC10-DET_Sharpen_20,img_03_3403395700_01033_jpg.rf.e580dea01d1e603c01c7001c7bf050c2.jpg,0.009841438,0.010457368123519868,0.2392942029095831
/Data4/student_zhihan_data/data/GC10-DET_Sharpen_20,img_04_4402851900_00001_jpg.rf.6c389721aba69ed6b154fe41d9ad142f.jpg,0.0028362712,0.001789129009799168,0.09751265555676003
/Data4/student_zhihan_data/data/GC10-DET_Sharpen_20,img_03_4402724500_01243_jpg.rf.c05cf4141805e5dc51a827dc32e2d58f.jpg,0.005991812,0.0035299223782203626,0.11327491733006069
/Data4/student_zhihan_data/data/GC10-DET_Sharpen_20,img_07_3436814000_00691_jpg.rf.63b4a8df37f07559993cd6ec2b6337b7.jpg,0.0132685,0.013927705818787219,0.22010549455881118
/Data4/student_zhihan_data/data/GC10-DET_Sharpen_20,img_01_425503600_00016_jpg.rf.277f290435f399628660988d047f9a9f.jpg,0.0098992465,0.001211338934585352,0.09536318459821917
/Data4/student_zhihan_data/data/GC10-DET_Sharpen_20,img_04_431854700_00287_jpg.rf.daa8a63c7c3d3c843ef93c6955936901.jpg,0.007927614,0.00795394649564211,0.2583096826618368
/Data4/student_zhihan_data/data/GC10-DET_Sharpen_20,img_02_425616500_00001_jpg.rf.dc3a5197b9fcdf7590cbb6b9c3e4ddf9.jpg,0.0024734666,0.0181161234145596,0.264434856269063
/Data4/student_zhihan_data/data/GC10-DET_Sharpen_20,img_02_3402617100_00366_jpg.rf.30a0df88951183a42aa92f25aebb167b.jpg,0.0142562995,0.0011542167394509306,0.09759131266957237
/Data4/student_zhihan_data/data/GC10-DET_Sharpen_20,img_01_4402270500_00003_jpg.rf.5d4436691803211d7fe644a0ec75b072.jpg,0.010061725,0.0033612874325869295,0.09873599213793657
/Data4/student_zhihan_data/data/GC10-DET_Sharpen_20,img_03_425501900_00017_jpg.rf.3cd9f0f6e30f19b48af03d9167a20b18.jpg,0.008575829,0.0017530387496663025,0.10511370707693554
/Data4/student_zhihan_data/data/GC10-DET_Sharpen_20,img_06_4403801500_01282_jpg.rf.e5ce594df12bc36641710a36673e38ad.jpg,0.0038662592,0.001648928412926783,0.10562218756181763
/Data4/student_zhihan_data/data/GC10-DET_Sharpen_20,img_03_424992500_00514_jpg.rf.4bcd005586f4824d77e99ecdf3cd158c.jpg,0.0054753902,0.0004606264599585432,0.17463449857853078
/Data4/student_zhihan_data/data/GC10-DET_Sharpen_20,img_01_425244400_00900_jpg.rf.95ed2a16b21bcdb90ad96c2d2de7ac0b.jpg,0.0063833008,0.012631654620305553,0.26605659856090125
/Data4/student_zhihan_data/data/GC10-DET_Sharpen_20,img_04_425616200_00712_jpg.rf.9d36b85cb2a4229b295079ce982d70ba.jpg,0.017571509,0.0009431252262261744,0.08492435600649909
/Data4/student_zhihan_data/data/GC10-DET_Sharpen_20,img_02_4406772100_00404_jpg.rf.df5228ff5479591dfb47bdf37efa3904.jpg,0.003335347,0.026692765055294766,0.2711842475192887
/Data4/student_zhihan_data/data/GC10-DET_Sharpen_20,img_08_425391700_00182_jpg.rf.8d9c32bc7c54e9f5a7bad9f51eed0d78.jpg,0.007222319,0.002367501444398009,0.11151611046526919
/Data4/student_zhihan_data/data/GC10-DET_Sharpen_20,img_06_4406645900_00485_jpg.rf.3f931a81014c8279d37f9ea48deb8064.jpg,0.008303906,0.005936450034106612,0.10327522483609972
/Data4/student_zhihan_data/data/GC10-DET_Sharpen_20,img_02_4406645900_00346_jpg.rf.38e5a0361c7f36f7f10ce69be471fb48.jpg,0.008960549,0.053062225496515486,0.28817635766334004
/Data4/student_zhihan_data/data/GC10-DET_Sharpen_20,img_02_3436813700_00273_jpg.rf.590d5374100e8d2ab0cdc424ee7ac241.jpg,0.0056379824,0.01910428630865433,0.24689758106080045
/Data4/student_zhihan_data/data/GC10-DET_Sharpen_20,img_02_424799300_00040_jpg.rf.94f8a3367d737cc4b1987ad586f4295a.jpg,0.017248616,0.030829394667842493,0.21099294118131653
/Data4/student_zhihan_data/data/GC10-DET_Sharpen_20,img_03_425005700_01362_jpg.rf.74949d89686a0f7ed84a9279146d2e76.jpg,0.0064564478,0.00022291640410467608,0.10201108282804489
/Data4/student_zhihan_data/data/GC10-DET_Sharpen_20,img_07_4406743300_00039_jpg.rf.7c564852705a604f38f262d2e3cc0add.jpg,0.010889152,0.002354052662894901,0.10462671677271525
/Data4/student_zhihan_data/data/GC10-DET_Sharpen_20,img_08_4406743300_00412_jpg.rf.3551601da00aa41c40c41e786f95a3be.jpg,0.015530621,0.003846895642160002,0.17064702140667892
/Data4/student_zhihan_data/data/GC10-DET_Sharpen_20,img_07_4406645900_00145_jpg.rf.4be498b12ec5aa868fcba152d3b5925e.jpg,0.0100863455,0.0009573360797503483,0.1071900816758474
/Data4/student_zhihan_data/data/GC10-DET_Sharpen_20,img_08_4406743300_00019_jpg.rf.cf4fdd5461b0cff15dc310d545af4fe7.jpg,0.017763713,0.0019414917367698977,0.09280660997048651
/Data4/student_zhihan_data/data/GC10-DET_Sharpen_20,img_02_436153600_00699_jpg.rf.dc59be1a097a3f785ebdc448aec0b005.jpg,0.017340442,0.0008570626655152107,0.09311682956327091
/Data4/student_zhihan_data/data/GC10-DET_Sharpen_20,img_02_4404580000_00041_jpg.rf.e612abb27ce62a99263fe0512619014c.jpg,0.007919465,0.056564791895093204,0.3055257984747489
/Data4/student_zhihan_data/data/GC10-DET_Sharpen_20,img_06_425237000_00672_jpg.rf.2687f2ceca231f75cd7c2861880fb178.jpg,0.002746051,0.0010917457337572241,0.12168100003401439
/Data4/student_zhihan_data/data/GC10-DET_Sharpen_20,img_07_3403335100_01063_jpg.rf.cde40191535d27746c7383bdca4ef3c9.jpg,0.0057258704,0.0026014591418920137,0.09819594341335876
/Data4/student_zhihan_data/data/GC10-DET_Sharpen_20,img_06_3436814000_00681_jpg.rf.a4fd6ee098dc2e1fbf579cf253277cbb.jpg,0.011395687,0.001120836572731605,0.09607418358325959
