img_name,objectness_uncertainty,weighted_variance_sum,weighted_entropy
/Data4/student_zhihan_data/data/GC10-DET_brightness_-15/test/images/img_08_425637800_00890_jpg.rf.4e3226a45f7bf69e58918d8952b79b6b.jpg,0.008786474354565144,0.0003296267488396018,1.1405831870862415
/Data4/student_zhihan_data/data/GC10-DET_brightness_-15/test/images/img_03_424992500_00388_jpg.rf.ec28701153afa1dd22f46920ffb9297f.jpg,0.003912084735929966,0.000187903903224651,2.2815265517589474
/Data4/student_zhihan_data/data/GC10-DET_brightness_-15/test/images/img_03_425503100_00066_jpg.rf.c80d682dcb624742ec4e67f3dfc73544.jpg,0.010558572597801685,8.329809463702986e-05,2.2763112001521613
/Data4/student_zhihan_data/data/GC10-DET_brightness_-15/test/images/img_01_425008500_00677_jpg.rf.85e0f1a63299479dd07b5c5314f7beca.jpg,0.010596594773232937,0.0018240310018882155,2.258288394724465
/Data4/student_zhihan_data/data/GC10-DET_brightness_-15/test/images/img_05_425608200_00814_jpg.rf.51da696c5976e986c5c492e99d2dd638.jpg,0.01552631240338087,0.0013886623795414626,0.7586699560283259
/Data4/student_zhihan_data/data/GC10-DET_brightness_-15/test/images/img_01_425005700_00442_jpg.rf.ef12f267a48c4fae4160ff0ff6c1cd07.jpg,0.002383426297456026,0.00040374300988332834,2.282809366106363
/Data4/student_zhihan_data/data/GC10-DET_brightness_-15/test/images/img_02_3436789500_00005_jpg.rf.85f310f1107d6db92898a8766345b99e.jpg,0.006532888859510422,0.0022785814552866044,0.455954270040708
/Data4/student_zhihan_data/data/GC10-DET_brightness_-15/test/images/img_03_4401440300_00347_jpg.rf.ff9406713a4ed5507b002d4ce5f72e52.jpg,1.0,1.0,2.302585092994046
/Data4/student_zhihan_data/data/GC10-DET_brightness_-15/test/images/img_06_425614600_00411_jpg.rf.0ca4276f5b7c9adc24a31de9d096a32b.jpg,0.006230183411389589,0.0011583785926632117,2.277253141639926
/Data4/student_zhihan_data/data/GC10-DET_brightness_-15/test/images/img_07_4404374100_01265_jpg.rf.7c0ea7dc6275568c84f63ffd923f5c66.jpg,0.002336382633075118,0.0029692266398342326,2.2834348426145668
/Data4/student_zhihan_data/data/GC10-DET_brightness_-15/test/images/img_08_425007500_01452_jpg.rf.a6354954b51ef244ccef3d9462ffe717.jpg,0.014082568697631359,0.00010057402371069102,1.1384894238329337
/Data4/student_zhihan_data/data/GC10-DET_brightness_-15/test/images/img_01_425502900_00018_jpg.rf.993eb5cbb2f35e662145c2aa415d9879.jpg,0.002809838391840458,0.0038841872847115155,2.282664009135404
/Data4/student_zhihan_data/data/GC10-DET_brightness_-15/test/images/img_08_425508200_00024_jpg.rf.e7b2ff05772bc1c560893f689919a53b.jpg,1.0,1.0,2.302585092994046
/Data4/student_zhihan_data/data/GC10-DET_brightness_-15/test/images/img_08_4406743300_00468_jpg.rf.3298d91af6c8c83868684ff0feb87c36.jpg,0.006119945552200079,0.007896670969785191,2.2765496253967283
/Data4/student_zhihan_data/data/GC10-DET_brightness_-15/test/images/img_07_4406645900_00730_jpg.rf.68f3b77d92761bf22a8e39c9837cbacd.jpg,1.0,1.0,2.302585092994046
/Data4/student_zhihan_data/data/GC10-DET_brightness_-15/test/images/img_03_4403715000_00003_jpg.rf.8fd599665109faa6025da5f5d7de01b0.jpg,0.0032538147643208504,0.004610721778590232,2.282813260049531
/Data4/student_zhihan_data/data/GC10-DET_brightness_-15/test/images/img_08_425391700_00089_jpg.rf.c8fe702a294d891b9cb8143305d79e74.jpg,0.003085847944021225,0.0038645728564006276,2.2828030192974915
/Data4/student_zhihan_data/data/GC10-DET_brightness_-15/test/images/img_02_3436813700_00788_jpg.rf.33ac3428ca0da097f8ec6f666d2caf28.jpg,0.015579348430037498,0.0008887223511309588,1.1382250100374223
/Data4/student_zhihan_data/data/GC10-DET_brightness_-15/test/images/img_08_425391700_00198_jpg.rf.79baed4ea8e426615cf676e94acf6292.jpg,0.006125373765826225,0.005874963500900776,2.2784865297735695
/Data4/student_zhihan_data/data/GC10-DET_brightness_-15/test/images/img_08_425637500_00653_jpg.rf.269078f5716d0f1c7eb7259f891ec266.jpg,0.011720404960215092,0.00012577223766110799,1.139854668296358
/Data4/student_zhihan_data/data/GC10-DET_brightness_-15/test/images/img_05_425505500_00053_jpg.rf.bcd8bcf9d6074b0fab4f2b095510420f.jpg,0.01999036781489849,0.0003363959938932909,0.757557917480429
/Data4/student_zhihan_data/data/GC10-DET_brightness_-15/test/images/img_03_425391000_00491_jpg.rf.f28eeb3c2ee29652d34f681582fdf627.jpg,1.0,1.0,2.302585092994046
/Data4/student_zhihan_data/data/GC10-DET_brightness_-15/test/images/img_06_3403398500_01173_jpg.rf.3de8052bffb9ec5bcee37699641630ec.jpg,0.005520808044821024,8.424144823493407e-06,2.275260107406717
/Data4/student_zhihan_data/data/GC10-DET_brightness_-15/test/images/img_07_4404893900_00568_jpg.rf.791dce27a30eb631f2acb54d52681b5c.jpg,0.0012011987855657935,0.013276154204504564,2.2851695251464843
/Data4/student_zhihan_data/data/GC10-DET_brightness_-15/test/images/img_06_4406562900_00002_jpg.rf.bda7ab14f0be7131f2b4d3a02af2c1df.jpg,0.0062006874941289425,0.01412127516232431,2.2745069044359614
/Data4/student_zhihan_data/data/GC10-DET_brightness_-15/test/images/img_01_425005700_00406_jpg.rf.3d18020876f46e3b235c9c2b79c7c0a6.jpg,0.0033108973875641823,0.0006246792981983162,2.28139107131958
/Data4/student_zhihan_data/data/GC10-DET_brightness_-15/test/images/img_06_4406645900_00001_jpg.rf.fef25d6e5e72505390955126bb6c5844.jpg,0.0072851297445595264,0.0025596035320704182,1.1396421516171404
/Data4/student_zhihan_data/data/GC10-DET_brightness_-15/test/images/img_03_424992300_00206_jpg.rf.db57f94ddc87cd8c8d31d86134bfe8b5.jpg,0.012273620814085007,0.005241598759312183,2.263795150461651
/Data4/student_zhihan_data/data/GC10-DET_brightness_-15/test/images/img_03_SIS001540_00786_jpg.rf.9639d974e6cd04fcfbe0ca3a847c2c23.jpg,0.008321674540638924,0.001302184049563948,2.276947616986488
/Data4/student_zhihan_data/data/GC10-DET_brightness_-15/test/images/img_03_425644600_00006_jpg.rf.feb60eafb5ebdef584a26d874345da58.jpg,1.0,1.0,2.302585092994046
/Data4/student_zhihan_data/data/GC10-DET_brightness_-15/test/images/img_03_424992300_00514_jpg.rf.b1eee4d04fd6d8ce8f6ad7cac1a91c98.jpg,0.010539769195020199,0.006191988242790103,2.2675906906577303
/Data4/student_zhihan_data/data/GC10-DET_brightness_-15/test/images/img_01_425008500_00104_jpg.rf.32e3c393304c5bd5dd58d6f5c54b11b2.jpg,0.013315229676663876,0.002895322215408669,2.258294929792215
/Data4/student_zhihan_data/data/GC10-DET_brightness_-15/test/images/img_07_424714400_00009_jpg.rf.b093d048d4dd9a68725899c42f343812.jpg,0.0010230413172394037,0.005816946679260582,2.285466343164444
/Data4/student_zhihan_data/data/GC10-DET_brightness_-15/test/images/img_03_3403396800_01005_jpg.rf.089e7bcff1fe4ca0a5efcbb8ba1d31a3.jpg,0.005627958104014397,8.069754073858348e-06,2.2756681631107143
/Data4/student_zhihan_data/data/GC10-DET_brightness_-15/test/images/img_01_425614600_00001_jpg.rf.d08146824f2f274a835da26023733959.jpg,0.0008718881872482598,6.143439088646119e-05,2.285371959209442
/Data4/student_zhihan_data/data/GC10-DET_brightness_-15/test/images/img_02_436164300_01201_jpg.rf.85573a21edbf1fa649474a2d02b1f985.jpg,0.0012764512794092298,0.0007191473183638664,2.2847504638708553
/Data4/student_zhihan_data/data/GC10-DET_brightness_-15/test/images/img_02_3436813700_00329_jpg.rf.6b0f3214e509051d3f663785b72f9977.jpg,0.012216739356517792,0.0004267401272954885,2.268466128569383
/Data4/student_zhihan_data/data/GC10-DET_brightness_-15/test/images/img_03_436165200_00707_jpg.rf.c381097c20f217474d6a7055b68e42b5.jpg,0.006791444029659033,8.23199796060989e-05,1.1397041630065587
/Data4/student_zhihan_data/data/GC10-DET_brightness_-15/test/images/img_06_436164700_01556_jpg.rf.f334be6da007856c550eea2733e6ddfb.jpg,0.0024828987661749125,0.011316808828269131,2.2842217534780502
/Data4/student_zhihan_data/data/GC10-DET_brightness_-15/test/images/img_07_4406645900_00618_jpg.rf.4728af3455c5277eb1fddbd3836acad8.jpg,1.0,1.0,2.302585092994046
/Data4/student_zhihan_data/data/GC10-DET_brightness_-15/test/images/img_01_425243300_00542_jpg.rf.14bf99bd3ac913df040788581e0c88dc.jpg,0.0023532456252723932,0.0008819547238090308,2.2835001945495605
/Data4/student_zhihan_data/data/GC10-DET_brightness_-15/test/images/img_07_4406645900_00539_jpg.rf.5326b38415f2224b33d1177da2f08acc.jpg,1.0,1.0,2.302585092994046
/Data4/student_zhihan_data/data/GC10-DET_brightness_-15/test/images/img_06_3403391400_01266_jpg.rf.80af5beb629c06713ab61361167a5fb1.jpg,0.005098371300846338,0.0014362978545250371,2.2770453378607662
/Data4/student_zhihan_data/data/GC10-DET_brightness_-15/test/images/img_05_4406645900_00121_jpg.rf.1436f27643598a147db9887106c187f6.jpg,1.0,1.0,2.302585092994046
/Data4/student_zhihan_data/data/GC10-DET_brightness_-15/test/images/img_06_4406645900_00492_jpg.rf.e7263b2fc93e67e0e539b5c351794ac4.jpg,1.0,1.0,2.302585092994046
/Data4/student_zhihan_data/data/GC10-DET_brightness_-15/test/images/img_08_425508200_00364_jpg.rf.b7359501e11684697ea0179ee2d73c6a.jpg,1.0,1.0,2.302585092994046
/Data4/student_zhihan_data/data/GC10-DET_brightness_-15/test/images/img_06_425505000_00050_jpg.rf.8dd309fffb6d54f06ca08a323ff8d674.jpg,0.006806177087128162,4.8761173862551325e-05,1.139575120319834
/Data4/student_zhihan_data/data/GC10-DET_brightness_-15/test/images/img_03_436153300_01008_jpg.rf.f63e360cafbe1d3c24a7003bf62e611c.jpg,0.00700796116143465,5.8031608488708714e-05,1.1398955257279406
/Data4/student_zhihan_data/data/GC10-DET_brightness_-15/test/images/img_01_425241400_00039_jpg.rf.b8d9feafc1b8dd39b237b1fbe2f64c01.jpg,0.009769170545041561,9.007795415527653e-05,2.2709395174275744
/Data4/student_zhihan_data/data/GC10-DET_brightness_-15/test/images/img_08_425508200_00033_jpg.rf.5fce67dd739986f4e810a69a3dbdd898.jpg,1.0,1.0,2.302585092994046
/Data4/student_zhihan_data/data/GC10-DET_brightness_-15/test/images/img_08_425391700_00189_jpg.rf.1a13221d07f68c02a79b1ad4271531b6.jpg,0.00549279572442174,0.00652798987175629,2.2796422932423703
/Data4/student_zhihan_data/data/GC10-DET_brightness_-15/test/images/img_04_4406645900_00543_jpg.rf.ed669612518b5fdf164ffecd32e9ee20.jpg,1.0,1.0,2.302585092994046
/Data4/student_zhihan_data/data/GC10-DET_brightness_-15/test/images/img_06_425614600_00421_jpg.rf.2515be4bc918194d52817f85a91b1d76.jpg,0.006237017456442118,0.001453927681723144,2.276258756220341
/Data4/student_zhihan_data/data/GC10-DET_brightness_-15/test/images/img_06_425502300_01407_jpg.rf.373e002d051b7dffab2253e6395233ff.jpg,0.008969162590801716,3.7004916992348916e-05,0.3793749785652209
/Data4/student_zhihan_data/data/GC10-DET_brightness_-15/test/images/img_04_425622400_00001_jpg.rf.1569615634dbd1da5eb39c062886d1b1.jpg,0.006809187587350607,0.00045446700431689944,1.1407549672348551
/Data4/student_zhihan_data/data/GC10-DET_brightness_-15/test/images/img_02_425503500_00017_jpg.rf.0e8d663c52ed2c69d593baf76af5b85a.jpg,0.003837446216493845,5.4972221905962865e-05,1.1411872324391539
/Data4/student_zhihan_data/data/GC10-DET_brightness_-15/test/images/img_02_425502300_00338_jpg.rf.e2b675b66d9467a731b1a879826eb4ab.jpg,1.0,1.0,2.302585092994046
/Data4/student_zhihan_data/data/GC10-DET_brightness_-15/test/images/img_07_4402719500_00001_jpg.rf.22f073984ae35b05d1552fc55e648838.jpg,1.0,1.0,2.302585092994046
/Data4/student_zhihan_data/data/GC10-DET_brightness_-15/test/images/img_03_425613800_00026_jpg.rf.9431cf66cf71bdcc8d00f4aa1397fc09.jpg,1.0,1.0,2.302585092994046
/Data4/student_zhihan_data/data/GC10-DET_brightness_-15/test/images/img_08_425640100_00874_jpg.rf.60e0b0bf22233173d446c821485769f3.jpg,0.014193087816238403,0.00020788091959470228,1.1389029212689652
/Data4/student_zhihan_data/data/GC10-DET_brightness_-15/test/images/img_01_425007600_00673_jpg.rf.9829fb414e6d963f8995480d2ab499b5.jpg,0.007972829043865204,0.0009185087318158919,1.1394983087654236
/Data4/student_zhihan_data/data/GC10-DET_brightness_-15/test/images/img_01_425006600_00376_jpg.rf.72cd03df7d5dbe716a362ba631a7be7a.jpg,0.011382303200662136,0.00013994565051689278,2.26006441116333
/Data4/student_zhihan_data/data/GC10-DET_brightness_-15/test/images/img_01_425005700_00377_jpg.rf.ad0227dd72c803e70f00c59f54aedf0a.jpg,0.0036389201413840055,0.0005584445079875877,2.280404389611346
/Data4/student_zhihan_data/data/GC10-DET_brightness_-15/test/images/img_03_4404580600_00513_jpg.rf.13a229dfa7704d8aca630e341f2eee89.jpg,0.00022228527814149857,0.0014018258661963046,1.1432186514139175
/Data4/student_zhihan_data/data/GC10-DET_brightness_-15/test/images/img_06_3436814000_00009_jpg.rf.def8ad57e2e2e27a4cc7872751aa9b60.jpg,0.0025277924723923206,0.004687987213065074,1.1416234773168872
/Data4/student_zhihan_data/data/GC10-DET_brightness_-15/test/images/img_03_SIS001540_00771_jpg.rf.c05779ebea02d856e4cd5a0abb7c888d.jpg,0.010512622073292732,0.00253940602124203,2.2753778363285133
/Data4/student_zhihan_data/data/GC10-DET_brightness_-15/test/images/img_02_425392300_00834_jpg.rf.0b128393fbd7d86c43aac9827542b5a8.jpg,1.0,1.0,2.302585092994046
/Data4/student_zhihan_data/data/GC10-DET_brightness_-15/test/images/img_03_425622700_00002_jpg.rf.32ac3443018ededf38865b2563278ed9.jpg,0.006738876923918724,0.002918963753844375,1.1395257331343258
/Data4/student_zhihan_data/data/GC10-DET_brightness_-15/test/images/img_06_425502300_01397_jpg.rf.a60eabd84ddcc5a78530397551fb1962.jpg,0.004577381536364555,0.00011948906815198416,1.1398982331640586
/Data4/student_zhihan_data/data/GC10-DET_brightness_-15/test/images/img_04_425380400_00732_jpg.rf.2724305c2310ce939118e9722a75a6a9.jpg,1.0,1.0,2.302585092994046
/Data4/student_zhihan_data/data/GC10-DET_brightness_-15/test/images/img_08_425639900_00613_jpg.rf.447c5c60c1227cd51220d96abf9cf5dc.jpg,1.0,1.0,2.302585092994046
/Data4/student_zhihan_data/data/GC10-DET_brightness_-15/test/images/img_03_425391800_00255_jpg.rf.97a06641064fcb5c4dfd11719bd13b31.jpg,1.0,1.0,2.302585092994046
/Data4/student_zhihan_data/data/GC10-DET_brightness_-15/test/images/img_07_4406645900_00559_jpg.rf.03067aded65780c0d73f5e141c82a6d5.jpg,0.001045270822942257,9.495997403519141e-05,2.285772919654846
/Data4/student_zhihan_data/data/GC10-DET_brightness_-15/test/images/img_04_425501800_00017_jpg.rf.812d82b38c0ed09113d87b40c7a5f262.jpg,0.00866132415831089,6.774222344745984e-05,0.7600788240996962
/Data4/student_zhihan_data/data/GC10-DET_brightness_-15/test/images/img_07_435974600_00213_jpg.rf.0a01558b2ae421b20d1e9dc2d2a9ec13.jpg,0.007751208730041981,0.0016181332092628509,2.2758634570307623
/Data4/student_zhihan_data/data/GC10-DET_brightness_-15/test/images/img_01_425005700_00490_jpg.rf.427c92061ff932c557f54e00eba8331c.jpg,0.0023391449358314276,0.000813437916804105,2.282945709892466
/Data4/student_zhihan_data/data/GC10-DET_brightness_-15/test/images/img_01_425008000_00037_jpg.rf.19c58306deeb9c7995251dd4a6fad689.jpg,0.009225297719240189,0.01769313849217724,2.275891423956748
/Data4/student_zhihan_data/data/GC10-DET_brightness_-15/test/images/img_06_4406743300_00094_jpg.rf.4de6f9fd4829253babeab689f1c2cd87.jpg,0.0008108429610729218,0.0004933872251058347,2.2855248928070067
/Data4/student_zhihan_data/data/GC10-DET_brightness_-15/test/images/img_03_425390700_00020_jpg.rf.f94b71ea26f422f480424cb40c4a4c22.jpg,1.0,1.0,2.302585092994046
/Data4/student_zhihan_data/data/GC10-DET_brightness_-15/test/images/img_07_3436814000_00009_jpg.rf.3792cfc19eff0bddbb07888c1d7c4003.jpg,0.001120115048252046,0.014785193488933146,2.285383727239526
/Data4/student_zhihan_data/data/GC10-DET_brightness_-15/test/images/img_06_425502300_01402_jpg.rf.89482ff308039ff5c49e702b1dee3065.jpg,0.008296843618154526,1.2264157508448084e-05,0.4551501666517401
/Data4/student_zhihan_data/data/GC10-DET_brightness_-15/test/images/img_04_4402831800_01217_jpg.rf.3885a1149dce7ce8db0314a6cd9dc83d.jpg,0.005994024686515331,0.00023005222749336688,0.7594221134646781
/Data4/student_zhihan_data/data/GC10-DET_brightness_-15/test/images/img_03_425501800_01220_jpg.rf.113f0d789ceb8e5b634869258e492361.jpg,1.0,1.0,2.302585092994046
/Data4/student_zhihan_data/data/GC10-DET_brightness_-15/test/images/img_01_425383400_01036_jpg.rf.cf5334663cc46ce2c0d79d4dc8621f07.jpg,0.015185699798166752,8.880663088501947e-05,1.1381619901760764
/Data4/student_zhihan_data/data/GC10-DET_brightness_-15/test/images/img_01_425008000_00002_jpg.rf.cf4a202b39d361e12b0956129f08c2c7.jpg,0.009080094285309315,7.725569503236329e-05,2.2671105127601527
/Data4/student_zhihan_data/data/GC10-DET_brightness_-15/test/images/img_02_3436788500_00879_jpg.rf.d82d1a030f2f2645b5fa35b6bb4f9b84.jpg,0.013201704248785973,0.003526839593590359,1.1384161201824887
/Data4/student_zhihan_data/data/GC10-DET_brightness_-15/test/images/img_07_4406645900_00850_jpg.rf.83dfa6cef754c57bafb93c18990008a1.jpg,0.002041403902694583,8.956586077601969e-05,2.2841727468702526
/Data4/student_zhihan_data/data/GC10-DET_brightness_-15/test/images/img_02_425507200_01513_jpg.rf.2f96a24a72e35071d0aa3f756150b84c.jpg,1.0,1.0,2.302585092994046
/Data4/student_zhihan_data/data/GC10-DET_brightness_-15/test/images/img_06_425237000_00670_jpg.rf.dda82ee1b4bf2438519eb8bc5c19c7ac.jpg,1.0,1.0,2.302585092994046
/Data4/student_zhihan_data/data/GC10-DET_brightness_-15/test/images/img_08_425382400_00001_jpg.rf.1e40bf6e954bf658573f06a23293faed.jpg,0.013809473253786564,7.48915539788158e-05,1.1386231275128884
/Data4/student_zhihan_data/data/GC10-DET_brightness_-15/test/images/img_02_3436813700_00335_jpg.rf.a7bc0aa20aa1d0ecb40a94bec8d799f1.jpg,0.012669377960264683,0.007734371672995621,2.264050137631747
/Data4/student_zhihan_data/data/GC10-DET_brightness_-15/test/images/img_04_436165600_00004_jpg.rf.fc44fddcc1d6d22c1c7f5f445ab038d8.jpg,1.0,1.0,2.302585092994046
/Data4/student_zhihan_data/data/GC10-DET_brightness_-15/test/images/img_04_425637500_00653_jpg.rf.36196537eded48062974df2ad0f82dff.jpg,0.014290609396994114,0.0002461138520325125,0.7603592084201282
/Data4/student_zhihan_data/data/GC10-DET_brightness_-15/test/images/img_03_4402724500_01245_jpg.rf.f8462455a8fc8a32606dcdf2c415a0df.jpg,1.0,1.0,2.302585092994046
/Data4/student_zhihan_data/data/GC10-DET_brightness_-15/test/images/img_08_4402842500_01044_jpg.rf.0559520a625f7cbc8e8b1ca1d8cdd585.jpg,0.012183069251477718,0.00233482093238301,0.5687581780443033
/Data4/student_zhihan_data/data/GC10-DET_brightness_-15/test/images/img_03_425613500_00001_jpg.rf.23fe4ca91985d975edc64398a61d1d44.jpg,0.005312670022249222,8.384664027971667e-06,2.2759892346658113
/Data4/student_zhihan_data/data/GC10-DET_brightness_-15/test/images/img_02_4406772100_00243_jpg.rf.047681178919abd84bd1f26a71cfd387.jpg,0.007357361726462841,0.004837596197830862,2.2787484005519323
/Data4/student_zhihan_data/data/GC10-DET_brightness_-15/test/images/img_07_4406645900_00740_jpg.rf.3613bbd33e41972500a658f63397f575.jpg,0.00030086023616604507,0.000496485993380702,2.2863713105519614
/Data4/student_zhihan_data/data/GC10-DET_brightness_-15/test/images/img_06_3403333800_00715_jpg.rf.9fb79c365a632d00f8a9f2e8442920e3.jpg,0.007715392392128706,0.0008919789330738024,0.5705586477536466
/Data4/student_zhihan_data/data/GC10-DET_brightness_-15/test/images/img_08_4403744200_01175_jpg.rf.0e6bf1d95865a297c900faf9bdf3dd25.jpg,1.0,1.0,2.302585092994046
/Data4/student_zhihan_data/data/GC10-DET_brightness_-15/test/images/img_08_425508200_00359_jpg.rf.18297ae2807fcb5b2903ab09fd509949.jpg,1.0,1.0,2.302585092994046
/Data4/student_zhihan_data/data/GC10-DET_brightness_-15/test/images/img_07_4405168700_00711_jpg.rf.44485f2119830d890be4178ead6eb577.jpg,0.0030674731824547052,0.031155074991686196,1.1417384396336472
/Data4/student_zhihan_data/data/GC10-DET_brightness_-15/test/images/img_01_425609500_00001_jpg.rf.c139c9b2bbdc6c75c237db5429e5600f.jpg,0.00390819413587451,0.00017418519300349544,1.1416812463156505
/Data4/student_zhihan_data/data/GC10-DET_brightness_-15/test/images/img_08_3403334300_00853_jpg.rf.2b73635a7c025e596fbcaed164bc844b.jpg,0.0030979234725236893,0.01664783947136519,1.1423736171376324
/Data4/student_zhihan_data/data/GC10-DET_brightness_-15/test/images/img_01_4406743300_00475_jpg.rf.cbb17b1613752d938c0b919880db6c74.jpg,0.0015716248890385032,0.0012036955267831217,2.284637460708618
/Data4/student_zhihan_data/data/GC10-DET_brightness_-15/test/images/img_02_3436813700_00321_jpg.rf.a2aa41eb9c661d396034776837f8af21.jpg,0.008500351570546627,0.0005875120883317748,1.1390545224140303
/Data4/student_zhihan_data/data/GC10-DET_brightness_-15/test/images/img_05_4406743300_00507_jpg.rf.edd6ef5091389130dea46c1bbcedacfa.jpg,0.014586683362722397,0.001734089541969297,2.260745644569397
/Data4/student_zhihan_data/data/GC10-DET_brightness_-15/test/images/img_02_3402616900_00001_jpg.rf.8a88102c40f5ec42f76d0cee1e2fae7d.jpg,0.002110137837007642,0.00015767872062788513,1.1422782559587497
/Data4/student_zhihan_data/data/GC10-DET_brightness_-15/test/images/img_07_435974600_00220_jpg.rf.300a6f692db45696d09a026b40f4070e.jpg,0.013824951834976673,0.00071333349114866,2.2668398201629807
/Data4/student_zhihan_data/data/GC10-DET_brightness_-15/test/images/img_01_425005700_00201_jpg.rf.d09b4219e5333345ca9d5415045133fc.jpg,0.0026965681463479996,0.0009560121325193904,2.2816504970327154
/Data4/student_zhihan_data/data/GC10-DET_brightness_-15/test/images/img_07_3436814000_00011_jpg.rf.fa7a9baa1c7b041f0189ed06fe7c138b.jpg,0.0013738437555730343,0.004815218679141253,2.2847803665532007
/Data4/student_zhihan_data/data/GC10-DET_brightness_-15/test/images/img_06_3403404000_00928_jpg.rf.df8508e1bd685000c95a0a08c66c0b97.jpg,0.0007757666171528399,0.000371824366823148,2.285733233327451
/Data4/student_zhihan_data/data/GC10-DET_brightness_-15/test/images/img_05_425614700_00001_jpg.rf.db79a5131c5eed770ca9226f083b3b08.jpg,0.020773282274603844,0.0002543241302763179,0.758356965643459
/Data4/student_zhihan_data/data/GC10-DET_brightness_-15/test/images/img_02_3402618000_00002_jpg.rf.d6609cfde33420b8cf3f5857f50d8e2c.jpg,0.004531850107014179,0.021545212250202894,2.2816565601449263
/Data4/student_zhihan_data/data/GC10-DET_brightness_-15/test/images/img_02_425243200_00533_jpg.rf.c14db537449ebf25be4de62e902cd617.jpg,0.0006903313915245235,0.0150792456115596,2.2860864202181497
/Data4/student_zhihan_data/data/GC10-DET_brightness_-15/test/images/img_02_4402623300_00034_jpg.rf.34551b07ffc059cb3bc752ee6cbed63b.jpg,1.0,1.0,2.302585092994046
/Data4/student_zhihan_data/data/GC10-DET_brightness_-15/test/images/img_02_425508600_00684_jpg.rf.6efdd89c6075379e75f1f9f8445896b4.jpg,0.007649186998605728,0.001151063440526438,1.1396766406773862
/Data4/student_zhihan_data/data/GC10-DET_brightness_-15/test/images/img_03_424714400_00001_jpg.rf.8953ff6428eff377894ae67df57336bf.jpg,0.006875173654407263,0.0004717397790207241,0.7604259399082217
/Data4/student_zhihan_data/data/GC10-DET_brightness_-15/test/images/img_02_436184600_00774_jpg.rf.d27e16845de256caa0a62c89b290d922.jpg,0.0008773618028499186,0.003361193768796511,2.2852522026408804
/Data4/student_zhihan_data/data/GC10-DET_brightness_-15/test/images/img_08_425503600_00053_jpg.rf.4e0005d89ff1d2fa788311d13a51abb9.jpg,0.016439994797110558,9.775836785431935e-05,1.1376976814208524
/Data4/student_zhihan_data/data/GC10-DET_brightness_-15/test/images/img_06_4406743300_00052_jpg.rf.4c3b6c954c4d0ccf25f4d188cbbfc0a9.jpg,0.0008909354219213128,0.0008449800479866099,2.285101147258983
/Data4/student_zhihan_data/data/GC10-DET_brightness_-15/test/images/img_03_3402617700_00653_jpg.rf.1ef43702aa0df6d62596b17eda5e42c7.jpg,0.0035133138298988342,0.00015858172582738916,2.2815953582845707
/Data4/student_zhihan_data/data/GC10-DET_brightness_-15/test/images/img_03_3402617800_00047_jpg.rf.0c90a1386795442822afbd2cb6a841ce.jpg,0.005676045082509518,0.00033155452274513664,2.279457333161659
/Data4/student_zhihan_data/data/GC10-DET_brightness_-15/test/images/img_02_436153600_00681_jpg.rf.09d712baef2da3a60301a30633d4af09.jpg,0.0006172943394631147,0.001331146078882739,2.2861203054587045
/Data4/student_zhihan_data/data/GC10-DET_brightness_-15/test/images/img_01_425005700_00555_jpg.rf.e1a20fb84e9af76157c2685f2d822bfe.jpg,0.002069348469376564,0.0012470258006942458,2.2830961514741945
/Data4/student_zhihan_data/data/GC10-DET_brightness_-15/test/images/img_03_424992500_00525_jpg.rf.fb66d73109444570f4689d23c788fefa.jpg,1.0,1.0,2.302585092994046
/Data4/student_zhihan_data/data/GC10-DET_brightness_-15/test/images/img_01_425392100_00662_jpg.rf.d0c1dddee827171d5750f200f08e5974.jpg,0.009248455055058002,0.00026239853650622535,2.268983329953374
/Data4/student_zhihan_data/data/GC10-DET_brightness_-15/test/images/img_02_4406645900_00894_jpg.rf.02587c13be3bc67641ff87d1eb5064fa.jpg,1.0,1.0,2.302585092994046
/Data4/student_zhihan_data/data/GC10-DET_brightness_-15/test/images/img_04_4406645900_00678_jpg.rf.eab2402da33d0122e4f3fee31afe6758.jpg,1.0,1.0,2.302585092994046
/Data4/student_zhihan_data/data/GC10-DET_brightness_-15/test/images/img_03_SIS001533_00036_jpg.rf.5058fdd17f4e2cf7c4ab8e5eafa02603.jpg,1.0,1.0,2.302585092994046
/Data4/student_zhihan_data/data/GC10-DET_brightness_-15/test/images/img_03_425644200_00680_jpg.rf.54c4d1780f76c69d459aaf11e72b6650.jpg,0.005614942871034145,7.529820805984855e-06,2.276312916619437
/Data4/student_zhihan_data/data/GC10-DET_brightness_-15/test/images/img_08_425503800_00052_jpg.rf.f3dd6fbb17863c108c3447422f572507.jpg,0.006314113736152649,0.004768254971873704,1.1404186520506354
/Data4/student_zhihan_data/data/GC10-DET_brightness_-15/test/images/img_07_425100400_00088_jpg.rf.89157cf4860bf5924950996b646f1cba.jpg,0.002014832105487585,2.8795139655812818e-05,2.2838183366335354
/Data4/student_zhihan_data/data/GC10-DET_brightness_-15/test/images/img_07_425390900_00111_jpg.rf.a675c597d559b8d66ab4abce3c4e5277.jpg,1.0,1.0,2.302585092994046
/Data4/student_zhihan_data/data/GC10-DET_brightness_-15/test/images/img_02_436152900_00547_jpg.rf.4318185adf6ae9ebf38c5e2787cfe3e9.jpg,0.0005275827134028077,0.025130926980637014,2.2857141733169555
/Data4/student_zhihan_data/data/GC10-DET_brightness_-15/test/images/img_07_3436814000_00007_jpg.rf.86db99613a244e14390a572474d89841.jpg,0.0018421938875690103,0.004037624719785526,2.2837713662014214
/Data4/student_zhihan_data/data/GC10-DET_brightness_-15/test/images/img_08_4402842500_01043_jpg.rf.69416faaef5d57c368649059aab2fce5.jpg,0.007798954378813505,0.054303688200889155,2.280083892020312
/Data4/student_zhihan_data/data/GC10-DET_brightness_-15/test/images/img_03_425505000_00018_jpg.rf.583902c8b3cd56b263fc585c7193c1a5.jpg,0.007224061992019415,5.1095919857473474e-05,1.1399657437553654
/Data4/student_zhihan_data/data/GC10-DET_brightness_-15/test/images/img_02_3436813700_00307_jpg.rf.c085fb0f135c1174012545973d20af4f.jpg,0.0135275823995471,0.0008501289266860113,2.254086311726149
/Data4/student_zhihan_data/data/GC10-DET_brightness_-15/test/images/img_07_425508700_00363_jpg.rf.721347e3b79f519725ee5289bbf97edc.jpg,1.0,1.0,2.302585092994046
/Data4/student_zhihan_data/data/GC10-DET_brightness_-15/test/images/img_03_424992500_00674_jpg.rf.807c0c6e51ea5e5652b1e35d60435eca.jpg,0.003695629769936204,0.04970188130391762,2.282563392321269
/Data4/student_zhihan_data/data/GC10-DET_brightness_-15/test/images/img_08_425502200_00054_jpg.rf.2d48915a28535457ee003a4ce62eafef.jpg,0.015441310591995716,0.00018511226862060514,1.1385866761540568
/Data4/student_zhihan_data/data/GC10-DET_brightness_-15/test/images/img_01_425005700_00453_jpg.rf.9761dca07cdf96d3fbd0f7d0d4aad403.jpg,0.002087529981508851,0.0017181488547066692,2.2832491470105722
/Data4/student_zhihan_data/data/GC10-DET_brightness_-15/test/images/img_06_4406743300_00041_jpg.rf.85756c07963f7f34a4480e677c22dfc6.jpg,1.0,1.0,2.302585092994046
/Data4/student_zhihan_data/data/GC10-DET_brightness_-15/test/images/img_02_436153600_00692_jpg.rf.fed8577bb99a3f296c643ebeec56ae60.jpg,0.0006690043373964727,0.0018797450393321924,2.2857751083374023
/Data4/student_zhihan_data/data/GC10-DET_brightness_-15/test/images/img_01_425005700_00327_jpg.rf.a264bc3855c5d4fd318926bb51c19dab.jpg,0.003693167120218277,0.0003525899737724103,2.2806718050300394
/Data4/student_zhihan_data/data/GC10-DET_brightness_-15/test/images/img_07_4406645900_00566_jpg.rf.55077a65cd5b330d408134556d4aeefa.jpg,1.0,1.0,2.302585092994046
/Data4/student_zhihan_data/data/GC10-DET_brightness_-15/test/images/img_06_4404374100_01350_jpg.rf.9e1d1e5513003caa4ff960ea2dd68212.jpg,0.004608856979757547,0.0008625562259112485,2.279745664770745
/Data4/student_zhihan_data/data/GC10-DET_brightness_-15/test/images/img_08_4406743300_00461_jpg.rf.519f67b1b46527e288ec71230a5945c7.jpg,1.0,1.0,2.302585092994046
/Data4/student_zhihan_data/data/GC10-DET_brightness_-15/test/images/img_04_425503200_00019_jpg.rf.9e775acc68e9543232b7c84238746d12.jpg,1.0,1.0,2.302585092994046
/Data4/student_zhihan_data/data/GC10-DET_brightness_-15/test/images/img_01_4406743300_00649_jpg.rf.fd9794d7a0f1d9da22526814fd9ec601.jpg,1.0,1.0,2.302585092994046
/Data4/student_zhihan_data/data/GC10-DET_brightness_-15/test/images/img_08_4406743300_00429_jpg.rf.79f4cdd985d80134e8e6d20adae3d381.jpg,1.0,1.0,2.302585092994046
/Data4/student_zhihan_data/data/GC10-DET_brightness_-15/test/images/img_07_4406645900_00716_jpg.rf.7f47eb4f0e3ce39dc9fd725330e8acca.jpg,1.0,1.0,2.302585092994046
/Data4/student_zhihan_data/data/GC10-DET_brightness_-15/test/images/img_01_425005700_00195_jpg.rf.71eaa3e9f72b11d1668e17c446006f14.jpg,0.002983939601108432,0.0006778291935916059,2.28264821597508
/Data4/student_zhihan_data/data/GC10-DET_brightness_-15/test/images/img_02_436153600_00705_jpg.rf.52769831dfcaaed7484e9344e1ec0970.jpg,0.001233678194694221,0.000579295362740595,2.2851599216461183
/Data4/student_zhihan_data/data/GC10-DET_brightness_-15/test/images/img_05_4406743300_00390_jpg.rf.80880d28e5931b1b1d3fbd91789b94cc.jpg,0.007287479471415281,0.0017550165985085187,2.283841439655849
/Data4/student_zhihan_data/data/GC10-DET_brightness_-15/test/images/img_03_4404580600_00527_jpg.rf.e9c24823c24000c3df5c8d4468fa3960.jpg,0.0006628970731981099,0.0010051492460644233,1.1427001275695288
/Data4/student_zhihan_data/data/GC10-DET_brightness_-15/test/images/img_01_4406772100_00602_jpg.rf.9329d875c75b7070bc94d989dcae3974.jpg,1.0,1.0,2.302585092994046
/Data4/student_zhihan_data/data/GC10-DET_brightness_-15/test/images/img_03_436068600_00001_jpg.rf.a3b5b92538661601e3580b1f63fa1fe1.jpg,0.007639531046152115,9.513881142592169e-05,1.1396420188133534
/Data4/student_zhihan_data/data/GC10-DET_brightness_-15/test/images/img_05_425502600_00052_jpg.rf.00ba4b822f14ebfe9e6f527a5ffdd5f0.jpg,0.006086035165935755,0.0009972360385290813,2.2761452198028564
/Data4/student_zhihan_data/data/GC10-DET_brightness_-15/test/images/img_07_4406772100_00002_jpg.rf.4e06f23bdedbd8c1d534369a0c9df5a6.jpg,0.001680106157436967,0.000883894034250572,1.1420764782309378
/Data4/student_zhihan_data/data/GC10-DET_brightness_-15/test/images/img_06_424826800_00500_jpg.rf.cc124ebbea3b417653cb7885511d7203.jpg,0.0070663089863955975,0.0013145074844942428,2.2772547431258174
/Data4/student_zhihan_data/data/GC10-DET_brightness_-15/test/images/img_01_425005700_00233_jpg.rf.3028f7e6a4200c828bb92303f2afc8d3.jpg,0.002663201419636607,0.0007980138761922717,2.2827918493568
/Data4/student_zhihan_data/data/GC10-DET_brightness_-15/test/images/img_02_425637500_00001_jpg.rf.a94f8edf26e75a939fabc6cb7ab7f575.jpg,0.0011135481763631105,0.0003597143603428776,2.2851926101727433
/Data4/student_zhihan_data/data/GC10-DET_brightness_-15/test/images/img_02_4402851700_00985_jpg.rf.8418903284e9af64cac7d57f946b6634.jpg,0.003802979364991188,6.257122889069945e-05,1.1413721799552774
/Data4/student_zhihan_data/data/GC10-DET_brightness_-15/test/images/img_04_425380900_00001_jpg.rf.e624c9bac4c52c864eca86fe216b173d.jpg,0.016034387052059174,0.004789219150986193,1.1378248334710115
/Data4/student_zhihan_data/data/GC10-DET_brightness_-15/test/images/img_06_4403068300_01280_jpg.rf.26c56d2e141d14b605fd845aa1ede116.jpg,0.006816938053816557,0.0004824192567098116,1.1398226333516486
/Data4/student_zhihan_data/data/GC10-DET_brightness_-15/test/images/img_03_425507000_00876_jpg.rf.1ec5ad8bef3b7b86ac397b29f231e8ee.jpg,0.002784190932288766,2.987858718483949e-05,2.282164971539929
/Data4/student_zhihan_data/data/GC10-DET_brightness_-15/test/images/img_02_436153600_00695_jpg.rf.f3a708ae4faba81a2370b3a4be5f4991.jpg,8.617521962150931e-05,0.00018925227789168275,2.2873865763346353
/Data4/student_zhihan_data/data/GC10-DET_brightness_-15/test/images/img_03_436152900_00530_jpg.rf.dd2cff87617073ed89d29299cd2e6192.jpg,0.0,0.0,2.2863681316375732
/Data4/student_zhihan_data/data/GC10-DET_brightness_-15/test/images/img_01_425005700_00322_jpg.rf.5a100c10975739348aff46fa89c0fa58.jpg,0.0027395859360694885,0.0007116153501556255,2.282618618928469
/Data4/student_zhihan_data/data/GC10-DET_brightness_-15/test/images/img_04_424798500_00304_jpg.rf.a4437d6b6c88c8b19e177f2baec8e571.jpg,0.008975042030215263,0.008148765655278112,2.2791774107062297
/Data4/student_zhihan_data/data/GC10-DET_brightness_-15/test/images/img_06_425506600_00054_jpg.rf.882e28136579e3820b5e6cce3975eb97.jpg,0.006870931014418602,5.323151712205351e-05,1.1400345487335881
/Data4/student_zhihan_data/data/GC10-DET_brightness_-15/test/images/img_01_425243200_00439_jpg.rf.1b03e41158a8d2c2e23f79746a1af7d2.jpg,0.003605999518185854,0.0003704099690367002,2.280391233502232
/Data4/student_zhihan_data/data/GC10-DET_brightness_-15/test/images/img_01_425005700_00404_jpg.rf.9aa3580f1c53b68437404757dc3fe924.jpg,0.00259198946878314,0.0007825200809747912,2.282428869356712
/Data4/student_zhihan_data/data/GC10-DET_brightness_-15/test/images/img_02_SIS001522_00036_jpg.rf.cb241c23de2ee2064c3ab1c6d3b91980.jpg,1.0,1.0,2.302585092994046
/Data4/student_zhihan_data/data/GC10-DET_brightness_-15/test/images/img_04_425005700_00169_jpg.rf.cc0f7d81b27bb502bab35f0a186657ec.jpg,0.0025404426269233227,0.0013827242655679584,2.2824778570293707
/Data4/student_zhihan_data/data/GC10-DET_brightness_-15/test/images/img_06_425508300_00054_jpg.rf.a675ec555ddc3670bf308f8bf9a7f839.jpg,0.0068984865210950375,7.165940370875914e-05,1.1400346705172217
/Data4/student_zhihan_data/data/GC10-DET_brightness_-15/test/images/img_04_3402617700_00395_jpg.rf.6eb1174b43b6942a90d55f23805ceae1.jpg,0.004659516271203756,1.6355400134671072e-05,2.280219925077338
/Data4/student_zhihan_data/data/GC10-DET_brightness_-15/test/images/img_06_3403334000_00839_jpg.rf.38782d71a638688663f2382ff70757a0.jpg,0.005562222562730312,0.00017433929557765537,0.5705781946180638
/Data4/student_zhihan_data/data/GC10-DET_brightness_-15/test/images/img_03_3402617100_00131_jpg.rf.e0698f0de79c1c5bba28f70a23cd19a8.jpg,1.0,1.0,2.302585092994046
/Data4/student_zhihan_data/data/GC10-DET_brightness_-15/test/images/img_02_436153300_00001_jpg.rf.cd5f7565e580e531ba325885ac446e30.jpg,0.0008597157429903746,0.00040331603804588667,2.2854232523176403
/Data4/student_zhihan_data/data/GC10-DET_brightness_-15/test/images/img_07_425508400_00969_jpg.rf.b8e08f003a6e87d19b163e4146ce6478.jpg,1.0,1.0,2.302585092994046
/Data4/student_zhihan_data/data/GC10-DET_brightness_-15/test/images/img_07_3403335500_00710_jpg.rf.2e7d8f85ef390175e623aff6656205ef.jpg,0.001000615069642663,0.011365183134330437,2.285273780141558
/Data4/student_zhihan_data/data/GC10-DET_brightness_-15/test/images/img_01_425006100_00947_jpg.rf.7203fdcbf41aba96ec8600d1440d31a9.jpg,0.0011335237650200725,0.001319523167925797,1.14232818554373
/Data4/student_zhihan_data/data/GC10-DET_brightness_-15/test/images/img_08_425391700_00185_jpg.rf.83fc59d1d943bc89719e85cb4841e56b.jpg,1.0,1.0,2.302585092994046
/Data4/student_zhihan_data/data/GC10-DET_brightness_-15/test/images/img_05_436068100_00002_jpg.rf.562478a84c103a9ab393a21c61cf41eb.jpg,0.0177147276699543,0.0020650480000767857,2.2596691626724867
/Data4/student_zhihan_data/data/GC10-DET_brightness_-15/test/images/img_01_425000300_00630_jpg.rf.12001adc8b86faf88a47b6aa6f321b91.jpg,0.007275158539414406,0.009990659051254625,2.2769350876361867
/Data4/student_zhihan_data/data/GC10-DET_brightness_-15/test/images/img_01_425243600_00631_jpg.rf.0d54909f697052f6d9d32d59ef41d44f.jpg,0.005728055723011494,0.0030434734652927094,1.1403303516527337
/Data4/student_zhihan_data/data/GC10-DET_brightness_-15/test/images/img_08_425504800_00052_jpg.rf.d9a7dabae93b5b199eb1d3094bce8a42.jpg,0.008923612534999847,0.007985022792126983,2.2751791228545954
/Data4/student_zhihan_data/data/GC10-DET_brightness_-15/test/images/img_07_4402719100_00026_jpg.rf.774e9d21bf440af9baf3192318c10e19.jpg,0.0032286786008626223,0.002499091278475683,1.140869804242517
/Data4/student_zhihan_data/data/GC10-DET_brightness_-15/test/images/img_03_3403394800_00844_jpg.rf.5c0c88c583f2670f94baae5fb5881adf.jpg,0.005621252581477165,1.1126490221613494e-05,2.276305032521486
/Data4/student_zhihan_data/data/GC10-DET_brightness_-15/test/images/img_01_425005700_00207_jpg.rf.e431c17c450a5d3990f740aebc9c9cd7.jpg,0.0029029371216893196,0.0009231867516064085,2.2814048942661684
/Data4/student_zhihan_data/data/GC10-DET_brightness_-15/test/images/img_01_425005700_00197_jpg.rf.88277838f2a5680138fe9a9bbe00d2a9.jpg,0.003336857073009014,0.0006320749016595073,2.281191881625883
/Data4/student_zhihan_data/data/GC10-DET_brightness_-15/test/images/img_02_SIS001491_00257_jpg.rf.2682c53f3b15845e0a16cff779d087f4.jpg,1.0,1.0,2.302585092994046
/Data4/student_zhihan_data/data/GC10-DET_brightness_-15/test/images/img_04_425382600_00050_jpg.rf.bc5baa170778230432b612b07f474070.jpg,1.0,1.0,2.302585092994046
/Data4/student_zhihan_data/data/GC10-DET_brightness_-15/test/images/img_01_425501900_00017_jpg.rf.3aa4f32c0457ccdf62e25fee41f97c17.jpg,0.005626185331493616,6.950474573841348e-05,2.2771487480554824
/Data4/student_zhihan_data/data/GC10-DET_brightness_-15/test/images/img_07_3403335000_01066_jpg.rf.286c53f7b6be336c065bd9578b9b963c.jpg,0.0013613943010568619,0.0003706525682218853,2.2849579443011367
/Data4/student_zhihan_data/data/GC10-DET_brightness_-15/test/images/img_02_424799300_00072_jpg.rf.7e6e34894080536d4be7bf6914c91a1b.jpg,0.013152187690138817,2.5868914235616103e-05,2.2710626625113473
/Data4/student_zhihan_data/data/GC10-DET_brightness_-15/test/images/img_01_425008500_00874_jpg.rf.9ee7dec3f71c320546f8a4f1cbc6f631.jpg,0.01802658662199974,8.261735303939375e-05,1.1371895640552683
/Data4/student_zhihan_data/data/GC10-DET_brightness_-15/test/images/img_03_3403395700_01033_jpg.rf.e580dea01d1e603c01c7001c7bf050c2.jpg,0.005363258067518473,8.803384730526886e-06,2.275838747930102
/Data4/student_zhihan_data/data/GC10-DET_brightness_-15/test/images/img_04_4402851900_00001_jpg.rf.6c389721aba69ed6b154fe41d9ad142f.jpg,0.012320521287620068,0.0005713199396855235,1.1386467264495013
/Data4/student_zhihan_data/data/GC10-DET_brightness_-15/test/images/img_03_4402724500_01243_jpg.rf.c05cf4141805e5dc51a827dc32e2d58f.jpg,1.0,1.0,2.302585092994046
/Data4/student_zhihan_data/data/GC10-DET_brightness_-15/test/images/img_07_3436814000_00691_jpg.rf.63b4a8df37f07559993cd6ec2b6337b7.jpg,1.0,1.0,2.302585092994046
/Data4/student_zhihan_data/data/GC10-DET_brightness_-15/test/images/img_01_425503600_00016_jpg.rf.277f290435f399628660988d047f9a9f.jpg,0.006379039958119392,0.0309473107336089,2.2797088775523875
/Data4/student_zhihan_data/data/GC10-DET_brightness_-15/test/images/img_04_431854700_00287_jpg.rf.daa8a63c7c3d3c843ef93c6955936901.jpg,0.008733879774808884,0.01695073864539154,2.2770381966218127
/Data4/student_zhihan_data/data/GC10-DET_brightness_-15/test/images/img_02_425616500_00001_jpg.rf.dc3a5197b9fcdf7590cbb6b9c3e4ddf9.jpg,0.0031273765489459038,4.12055956813959e-05,0.7611443061840544
/Data4/student_zhihan_data/data/GC10-DET_brightness_-15/test/images/img_02_3402617100_00366_jpg.rf.30a0df88951183a42aa92f25aebb167b.jpg,1.0,1.0,2.302585092994046
/Data4/student_zhihan_data/data/GC10-DET_brightness_-15/test/images/img_01_4402270500_00003_jpg.rf.5d4436691803211d7fe644a0ec75b072.jpg,0.0010846558725461364,0.005185379879549146,2.2853367986350226
/Data4/student_zhihan_data/data/GC10-DET_brightness_-15/test/images/img_03_425501900_00017_jpg.rf.3cd9f0f6e30f19b48af03d9167a20b18.jpg,0.005780437029898167,1.0097953236254398e-05,2.276201425596725
/Data4/student_zhihan_data/data/GC10-DET_brightness_-15/test/images/img_06_4403801500_01282_jpg.rf.e5ce594df12bc36641710a36673e38ad.jpg,0.00044330209493637085,0.004994451225564538,1.1430866711100123
/Data4/student_zhihan_data/data/GC10-DET_brightness_-15/test/images/img_03_424992500_00514_jpg.rf.4bcd005586f4824d77e99ecdf3cd158c.jpg,0.01029410120099783,0.0028810525764129125,2.2695694547891616
/Data4/student_zhihan_data/data/GC10-DET_brightness_-15/test/images/img_01_425244400_00900_jpg.rf.95ed2a16b21bcdb90ad96c2d2de7ac0b.jpg,0.01522966381162405,0.0005863586587888448,1.1378430913601603
/Data4/student_zhihan_data/data/GC10-DET_brightness_-15/test/images/img_04_425616200_00712_jpg.rf.9d36b85cb2a4229b295079ce982d70ba.jpg,0.01601446233689785,0.0006272670521606674,1.138432965151169
/Data4/student_zhihan_data/data/GC10-DET_brightness_-15/test/images/img_02_4406772100_00404_jpg.rf.df5228ff5479591dfb47bdf37efa3904.jpg,0.001980965491384268,3.610154237776442e-05,2.283128617965069
/Data4/student_zhihan_data/data/GC10-DET_brightness_-15/test/images/img_08_425391700_00182_jpg.rf.8d9c32bc7c54e9f5a7bad9f51eed0d78.jpg,1.0,1.0,2.302585092994046
/Data4/student_zhihan_data/data/GC10-DET_brightness_-15/test/images/img_06_4406645900_00485_jpg.rf.3f931a81014c8279d37f9ea48deb8064.jpg,0.007400504779070616,0.0004793813914147904,2.2800209522247314
/Data4/student_zhihan_data/data/GC10-DET_brightness_-15/test/images/img_02_4406645900_00346_jpg.rf.38e5a0361c7f36f7f10ce69be471fb48.jpg,1.0,1.0,2.302585092994046
/Data4/student_zhihan_data/data/GC10-DET_brightness_-15/test/images/img_02_3436813700_00273_jpg.rf.590d5374100e8d2ab0cdc424ee7ac241.jpg,0.010844462551176548,0.003280190392615623,2.2698003697184337
/Data4/student_zhihan_data/data/GC10-DET_brightness_-15/test/images/img_02_424799300_00040_jpg.rf.94f8a3367d737cc4b1987ad586f4295a.jpg,0.011537100188434124,3.3327425853713066e-05,2.274824293760153
/Data4/student_zhihan_data/data/GC10-DET_brightness_-15/test/images/img_03_425005700_01362_jpg.rf.74949d89686a0f7ed84a9279146d2e76.jpg,0.006710370536893606,0.00037930273247829187,1.13990262457021
/Data4/student_zhihan_data/data/GC10-DET_brightness_-15/test/images/img_07_4406743300_00039_jpg.rf.7c564852705a604f38f262d2e3cc0add.jpg,0.000442356220446527,0.0006136725842225133,2.2858293056488037
/Data4/student_zhihan_data/data/GC10-DET_brightness_-15/test/images/img_08_4406743300_00412_jpg.rf.3551601da00aa41c40c41e786f95a3be.jpg,0.00930782686918974,0.05454681342234835,2.2830643355846405
/Data4/student_zhihan_data/data/GC10-DET_brightness_-15/test/images/img_07_4406645900_00145_jpg.rf.4be498b12ec5aa868fcba152d3b5925e.jpg,0.0005271541886031628,0.001013496142149961,2.2857702800205777
/Data4/student_zhihan_data/data/GC10-DET_brightness_-15/test/images/img_08_4406743300_00019_jpg.rf.cf4fdd5461b0cff15dc310d545af4fe7.jpg,0.003338342299684882,0.004900701795122586,2.2832720942963336
/Data4/student_zhihan_data/data/GC10-DET_brightness_-15/test/images/img_02_436153600_00699_jpg.rf.dc59be1a097a3f785ebdc448aec0b005.jpg,1.0,1.0,2.302585092994046
/Data4/student_zhihan_data/data/GC10-DET_brightness_-15/test/images/img_02_4404580000_00041_jpg.rf.e612abb27ce62a99263fe0512619014c.jpg,0.006299201864749193,0.012412269723427016,2.2782178087234497
/Data4/student_zhihan_data/data/GC10-DET_brightness_-15/test/images/img_06_425237000_00672_jpg.rf.2687f2ceca231f75cd7c2861880fb178.jpg,1.0,1.0,2.302585092994046
/Data4/student_zhihan_data/data/GC10-DET_brightness_-15/test/images/img_07_3403335100_01063_jpg.rf.cde40191535d27746c7383bdca4ef3c9.jpg,0.0010480328928679228,0.019642162253148854,2.2851010352846175
/Data4/student_zhihan_data/data/GC10-DET_brightness_-15/test/images/img_06_3436814000_00681_jpg.rf.a4fd6ee098dc2e1fbf579cf253277cbb.jpg,0.001813505426980555,0.008571264275815338,2.2837681472301483
